"DESCRIPTION","DURATION IN MS","NAME","PARENT SUITE","START TIME","STATUS","STOP TIME","SUB SUITE","SUITE","TEST CLASS","TEST METHOD"
"","50","TestUpdateUserProfileUseCase_Integration/Success_UpdateProfile","","Fri Oct 09 08:06:29 UTC 2026","passed","Fri Oct 09 08:06:29 UTC 2026","","github.com/Neratus/geoguide/internal/usecase/auth","github.com/Neratus/geoguide/internal/usecase/auth",""
"","0","TestPostgresCityRepository/TransportNode_Delete_Success","","Fri Oct 09 08:06:29 UTC 2026","passed","Fri Oct 09 08:06:29 UTC 2026","","github.com/Neratus/geoguide/internal/repository/city","github.com/Neratus/geoguide/internal/repository/city",""
"","260","TestGetPlaceUseCase_Integration","","Fri Oct 09 08:06:29 UTC 2026","passed","Fri Oct 09 08:06:29 UTC 2026","","github.com/Neratus/geoguide/internal/usecase/catalog","github.com/Neratus/geoguide/internal/usecase/catalog",""
"","50","TestModerateReviewUseCase_Integration/Success_ModerateAndApprove","","Fri Oct 09 08:06:29 UTC 2026","passed","Fri Oct 09 08:06:29 UTC 2026","","github.com/Neratus/geoguide/internal/usecase/review","github.com/Neratus/geoguide/internal/usecase/review",""
"","280","TestGetHolidaysByDateUseCase_Integration","","Fri Oct 09 08:06:29 UTC 2026","passed","Fri Oct 09 08:06:29 UTC 2026","","github.com/Neratus/geoguide/internal/usecase/catalog","github.com/Neratus/geoguide/internal/usecase/catalog",""
"","130","TestGetCityUseCase_Integration/Success_GetCityWithImage","","Fri Oct 09 08:06:29 UTC 2026","passed","Fri Oct 09 08:06:29 UTC 2026","","github.com/Neratus/geoguide/internal/usecase/catalog","github.com/Neratus/geoguide/internal/usecase/catalog",""
"","0","TestPostgresTripRepository/Trip_FindByID_InvalidID","","Fri Oct 09 08:06:29 UTC 2026","passed","Fri Oct 09 08:06:29 UTC 2026","","github.com/Neratus/geoguide/internal/repository/trip","github.com/Neratus/geoguide/internal/repository/trip",""
"","0","TestPostgresCityRepository/City_FindByName_Found","","Fri Oct 09 08:06:29 UTC 2026","passed","Fri Oct 09 08:06:29 UTC 2026","","github.com/Neratus/geoguide/internal/repository/city","github.com/Neratus/geoguide/internal/repository/city",""
"","50","TestPostgresUserRepository/FindByUsername_Found","","Fri Oct 09 08:06:29 UTC 2026","passed","Fri Oct 09 08:06:29 UTC 2026","","github.com/Neratus/geoguide/internal/repository/user","github.com/Neratus/geoguide/internal/repository/user",""
"","50","TestCreateReviewUseCase_Integration/Error_PlaceNotFound","","Fri Oct 09 08:06:29 UTC 2026","passed","Fri Oct 09 08:06:29 UTC 2026","","github.com/Neratus/geoguide/internal/usecase/review","github.com/Neratus/geoguide/internal/usecase/review",""
"","0","TestPostgresCityRepository/District_Delete_Success","","Fri Oct 09 08:06:29 UTC 2026","passed","Fri Oct 09 08:06:29 UTC 2026","","github.com/Neratus/geoguide/internal/repository/city","github.com/Neratus/geoguide/internal/repository/city",""
"","490","TestPostgresStaticRepository/Update_Success","","Fri Oct 09 08:06:29 UTC 2026","passed","Fri Oct 09 08:06:29 UTC 2026","","github.com/Neratus/geoguide/internal/repository/static","github.com/Neratus/geoguide/internal/repository/static",""
"","90","TestPostgresPlaceRepository/Review_FindReviewsByUserAndPlace_Found","","Fri Oct 09 08:06:29 UTC 2026","passed","Fri Oct 09 08:06:29 UTC 2026","","github.com/Neratus/geoguide/internal/repository/place","github.com/Neratus/geoguide/internal/repository/place",""
"","130","TestGetCityUseCase_Integration/Error_CityNotFound","","Fri Oct 09 08:06:29 UTC 2026","passed","Fri Oct 09 08:06:29 UTC 2026","","github.com/Neratus/geoguide/internal/usecase/catalog","github.com/Neratus/geoguide/internal/usecase/catalog",""
"","0","TestPostgresCountryRepository/Holiday_FindByID_InvalidID","","Fri Oct 09 08:06:29 UTC 2026","passed","Fri Oct 09 08:06:29 UTC 2026","","github.com/Neratus/geoguide/internal/repository/country","github.com/Neratus/geoguide/internal/repository/country",""
"","50","TestPostgresUserRepository/Update_PartialSuccess","","Fri Oct 09 08:06:29 UTC 2026","passed","Fri Oct 09 08:06:29 UTC 2026","","github.com/Neratus/geoguide/internal/repository/user","github.com/Neratus/geoguide/internal/repository/user",""
"","150","TestGetCountryUseCase_Integration/Success_GetCountryByID","","Fri Oct 09 08:06:29 UTC 2026","passed","Fri Oct 09 08:06:29 UTC 2026","","github.com/Neratus/geoguide/internal/usecase/catalog","github.com/Neratus/geoguide/internal/usecase/catalog",""
"","0","TestPostgresCityRepository/TransportNode_FindByCity_Found","","Fri Oct 09 08:06:29 UTC 2026","passed","Fri Oct 09 08:06:29 UTC 2026","","github.com/Neratus/geoguide/internal/repository/city","github.com/Neratus/geoguide/internal/repository/city",""
"","320","TestPostgresStaticRepository/GetFile_Success","","Fri Oct 09 08:06:29 UTC 2026","passed","Fri Oct 09 08:06:29 UTC 2026","","github.com/Neratus/geoguide/internal/repository/static","github.com/Neratus/geoguide/internal/repository/static",""
"","260","TestCreateReviewUseCase_Integration","","Fri Oct 09 08:06:29 UTC 2026","passed","Fri Oct 09 08:06:29 UTC 2026","","github.com/Neratus/geoguide/internal/usecase/review","github.com/Neratus/geoguide/internal/usecase/review",""
"","0","TestPostgresUserRepository/FindByEmail_NotFound","","Fri Oct 09 08:06:29 UTC 2026","passed","Fri Oct 09 08:06:29 UTC 2026","","github.com/Neratus/geoguide/internal/repository/user","github.com/Neratus/geoguide/internal/repository/user",""
"","200","TestModerateReviewUseCase_Integration","","Fri Oct 09 08:06:29 UTC 2026","passed","Fri Oct 09 08:06:29 UTC 2026","","github.com/Neratus/geoguide/internal/usecase/review","github.com/Neratus/geoguide/internal/usecase/review",""
"","140","TestGetPlacesByCategoryUseCase_Integration/Success_EmptyCategory","","Fri Oct 09 08:06:29 UTC 2026","passed","Fri Oct 09 08:06:29 UTC 2026","","github.com/Neratus/geoguide/internal/usecase/catalog","github.com/Neratus/geoguide/internal/usecase/catalog",""
"","0","TestPostgresCityRepository/District_FindByCity_Found","","Fri Oct 09 08:06:29 UTC 2026","passed","Fri Oct 09 08:06:29 UTC 2026","","github.com/Neratus/geoguide/internal/repository/city","github.com/Neratus/geoguide/internal/repository/city",""
"","50","TestVerifyContactUseCase_Integration/Success_VerifyEmail","","Fri Oct 09 08:06:29 UTC 2026","passed","Fri Oct 09 08:06:29 UTC 2026","","github.com/Neratus/geoguide/internal/usecase/auth","github.com/Neratus/geoguide/internal/usecase/auth",""
"","280","TestGetPlacesByCategoryUseCase_Integration","","Fri Oct 09 08:06:29 UTC 2026","passed","Fri Oct 09 08:06:29 UTC 2026","","github.com/Neratus/geoguide/internal/usecase/catalog","github.com/Neratus/geoguide/internal/usecase/catalog",""
"","260","TestSearchCitiesUseCase_Integration","","Fri Oct 09 08:06:29 UTC 2026","passed","Fri Oct 09 08:06:29 UTC 2026","","github.com/Neratus/geoguide/internal/usecase/catalog","github.com/Neratus/geoguide/internal/usecase/catalog",""
"","140","TestSearchCountriesUseCase_Integration/Success_EmptyQuery_ReturnsAll","","Fri Oct 09 08:06:29 UTC 2026","passed","Fri Oct 09 08:06:29 UTC 2026","","github.com/Neratus/geoguide/internal/usecase/catalog","github.com/Neratus/geoguide/internal/usecase/catalog",""
"","0","TestPostgresCityRepository/City_FindByCountry_Found","","Fri Oct 09 08:06:29 UTC 2026","passed","Fri Oct 09 08:06:29 UTC 2026","","github.com/Neratus/geoguide/internal/repository/city","github.com/Neratus/geoguide/internal/repository/city",""
"","50","TestGetReviewsByPlaceUseCase_Integration/Success_GetAllReviews","","Fri Oct 09 08:06:29 UTC 2026","passed","Fri Oct 09 08:06:29 UTC 2026","","github.com/Neratus/geoguide/internal/usecase/review","github.com/Neratus/geoguide/internal/usecase/review",""
"","50","TestModerateReviewUseCase_Integration/Error_ReviewAlreadyModerated","","Fri Oct 09 08:06:29 UTC 2026","passed","Fri Oct 09 08:06:29 UTC 2026","","github.com/Neratus/geoguide/internal/usecase/review","github.com/Neratus/geoguide/internal/usecase/review",""
"","50","TestUpdateUserProfileUseCase_Integration/Error_UserBlocked","","Fri Oct 09 08:06:29 UTC 2026","passed","Fri Oct 09 08:06:29 UTC 2026","","github.com/Neratus/geoguide/internal/usecase/auth","github.com/Neratus/geoguide/internal/usecase/auth",""
"","0","TestPostgresCountryRepository/Country_FindByID_Found","","Fri Oct 09 08:06:29 UTC 2026","passed","Fri Oct 09 08:06:29 UTC 2026","","github.com/Neratus/geoguide/internal/repository/country","github.com/Neratus/geoguide/internal/repository/country",""
"","130","TestGetHolidaysByCountryUseCase_Integration/Success_GetHolidaysByCountry","","Fri Oct 09 08:06:29 UTC 2026","passed","Fri Oct 09 08:06:29 UTC 2026","","github.com/Neratus/geoguide/internal/usecase/catalog","github.com/Neratus/geoguide/internal/usecase/catalog",""
"","0","TestPostgresCountryRepository/Holiday_Update_Success","","Fri Oct 09 08:06:29 UTC 2026","passed","Fri Oct 09 08:06:29 UTC 2026","","github.com/Neratus/geoguide/internal/repository/country","github.com/Neratus/geoguide/internal/repository/country",""
"","50","TestDeleteReviewUseCase_Integration/Error_ReviewNotFound","","Fri Oct 09 08:06:29 UTC 2026","passed","Fri Oct 09 08:06:29 UTC 2026","","github.com/Neratus/geoguide/internal/usecase/review","github.com/Neratus/geoguide/internal/usecase/review",""
"","400","TestDeleteReviewUseCase_Integration","","Fri Oct 09 08:06:29 UTC 2026","passed","Fri Oct 09 08:06:29 UTC 2026","","github.com/Neratus/geoguide/internal/usecase/review","github.com/Neratus/geoguide/internal/usecase/review",""
"","0","TestPostgresCountryRepository/Country_FindByID_NotFound","","Fri Oct 09 08:06:29 UTC 2026","passed","Fri Oct 09 08:06:29 UTC 2026","","github.com/Neratus/geoguide/internal/repository/country","github.com/Neratus/geoguide/internal/repository/country",""
"","10","TestPostgresPlaceRepository/Place_Save_Valid","","Fri Oct 09 08:06:29 UTC 2026","passed","Fri Oct 09 08:06:29 UTC 2026","","github.com/Neratus/geoguide/internal/repository/place","github.com/Neratus/geoguide/internal/repository/place",""
"","50","TestPostgresUserRepository/UnblockUser_Success","","Fri Oct 09 08:06:29 UTC 2026","passed","Fri Oct 09 08:06:29 UTC 2026","","github.com/Neratus/geoguide/internal/repository/user","github.com/Neratus/geoguide/internal/repository/user",""
"","50","TestPostgresUserRepository/Delete_Success","","Fri Oct 09 08:06:29 UTC 2026","passed","Fri Oct 09 08:06:29 UTC 2026","","github.com/Neratus/geoguide/internal/repository/user","github.com/Neratus/geoguide/internal/repository/user",""
"","50","TestRegisterUserUseCase_Integration/Success_Register","","Fri Oct 09 08:06:29 UTC 2026","passed","Fri Oct 09 08:06:29 UTC 2026","","github.com/Neratus/geoguide/internal/usecase/auth","github.com/Neratus/geoguide/internal/usecase/auth",""
"","0","TestPostgresCountryRepository/Country_Update_Success","","Fri Oct 09 08:06:29 UTC 2026","passed","Fri Oct 09 08:06:29 UTC 2026","","github.com/Neratus/geoguide/internal/repository/country","github.com/Neratus/geoguide/internal/repository/country",""
"","50","TestPostgresUserRepository/UpdatePhoneVerified_Success","","Fri Oct 09 08:06:29 UTC 2026","passed","Fri Oct 09 08:06:29 UTC 2026","","github.com/Neratus/geoguide/internal/repository/user","github.com/Neratus/geoguide/internal/repository/user",""
"","0","TestPostgresCountryRepository/Holiday_Save_Valid","","Fri Oct 09 08:06:29 UTC 2026","passed","Fri Oct 09 08:06:29 UTC 2026","","github.com/Neratus/geoguide/internal/repository/country","github.com/Neratus/geoguide/internal/repository/country",""
"","130","TestGetHolidaysByCountryUseCase_Integration","","Fri Oct 09 08:06:29 UTC 2026","passed","Fri Oct 09 08:06:29 UTC 2026","","github.com/Neratus/geoguide/internal/usecase/catalog","github.com/Neratus/geoguide/internal/usecase/catalog",""
"","0","TestLogoutUseCase_Integration/Success_Logout","","Fri Oct 09 08:06:29 UTC 2026","passed","Fri Oct 09 08:06:29 UTC 2026","","github.com/Neratus/geoguide/internal/usecase/auth","github.com/Neratus/geoguide/internal/usecase/auth",""
"","430","TestRegisterUserUseCase_Integration","","Fri Oct 09 08:06:29 UTC 2026","passed","Fri Oct 09 08:06:29 UTC 2026","","github.com/Neratus/geoguide/internal/usecase/auth","github.com/Neratus/geoguide/internal/usecase/auth",""
"","260","TestGetCitiesByCountryUseCase_Integration","","Fri Oct 09 08:06:29 UTC 2026","passed","Fri Oct 09 08:06:29 UTC 2026","","github.com/Neratus/geoguide/internal/usecase/catalog","github.com/Neratus/geoguide/internal/usecase/catalog",""
"","0","TestPostgresCountryRepository/Country_FindByID_InvalidID","","Fri Oct 09 08:06:29 UTC 2026","passed","Fri Oct 09 08:06:29 UTC 2026","","github.com/Neratus/geoguide/internal/repository/country","github.com/Neratus/geoguide/internal/repository/country",""
"","140","TestGetPlaceUseCase_Integration/Success_GetPlaceByID","","Fri Oct 09 08:06:29 UTC 2026","passed","Fri Oct 09 08:06:29 UTC 2026","","github.com/Neratus/geoguide/internal/usecase/catalog","github.com/Neratus/geoguide/internal/usecase/catalog",""
"","340","TestGetPlacesByCityUseCase_Integration/Success_GetPlacesByCity","","Fri Oct 09 08:06:29 UTC 2026","passed","Fri Oct 09 08:06:29 UTC 2026","","github.com/Neratus/geoguide/internal/usecase/catalog","github.com/Neratus/geoguide/internal/usecase/catalog",""
"","0","TestPostgresCountryRepository/Country_FindAll","","Fri Oct 09 08:06:29 UTC 2026","passed","Fri Oct 09 08:06:29 UTC 2026","","github.com/Neratus/geoguide/internal/repository/country","github.com/Neratus/geoguide/internal/repository/country",""
"","140","TestGetCountryUseCase_Integration/Error_CountryNotFound","","Fri Oct 09 08:06:29 UTC 2026","passed","Fri Oct 09 08:06:29 UTC 2026","","github.com/Neratus/geoguide/internal/usecase/catalog","github.com/Neratus/geoguide/internal/usecase/catalog",""
"","220","TestUpdateUserProfileUseCase_Integration","","Fri Oct 09 08:06:29 UTC 2026","passed","Fri Oct 09 08:06:29 UTC 2026","","github.com/Neratus/geoguide/internal/usecase/auth","github.com/Neratus/geoguide/internal/usecase/auth",""
"","0","TestPostgresCountryRepository/Holiday_FindHolidaysByCountry_Empty","","Fri Oct 09 08:06:29 UTC 2026","passed","Fri Oct 09 08:06:29 UTC 2026","","github.com/Neratus/geoguide/internal/repository/country","github.com/Neratus/geoguide/internal/repository/country",""
"","50","TestGetUserTripsUseCase_Integration/Success_GetUserTrips","","Fri Oct 09 08:06:29 UTC 2026","passed","Fri Oct 09 08:06:29 UTC 2026","","github.com/Neratus/geoguide/internal/usecase/planner","github.com/Neratus/geoguide/internal/usecase/planner",""
"","50","TestPostgresTripRepository/Trip_FindByUser_Found","","Fri Oct 09 08:06:29 UTC 2026","passed","Fri Oct 09 08:06:29 UTC 2026","","github.com/Neratus/geoguide/internal/repository/trip","github.com/Neratus/geoguide/internal/repository/trip",""
"","130","TestSearchCitiesUseCase_Integration/Success_NoResults","","Fri Oct 09 08:06:29 UTC 2026","passed","Fri Oct 09 08:06:29 UTC 2026","","github.com/Neratus/geoguide/internal/usecase/catalog","github.com/Neratus/geoguide/internal/usecase/catalog",""
"","250","TestAddPlaceToTripUseCase_Integration","","Fri Oct 09 08:06:29 UTC 2026","passed","Fri Oct 09 08:06:29 UTC 2026","","github.com/Neratus/geoguide/internal/usecase/planner","github.com/Neratus/geoguide/internal/usecase/planner",""
"","50","TestPostgresUserRepository/Update_Success","","Fri Oct 09 08:06:29 UTC 2026","passed","Fri Oct 09 08:06:29 UTC 2026","","github.com/Neratus/geoguide/internal/repository/user","github.com/Neratus/geoguide/internal/repository/user",""
"","0","TestPostgresPlaceRepository/Place_FindByCity_Found","","Fri Oct 09 08:06:29 UTC 2026","passed","Fri Oct 09 08:06:29 UTC 2026","","github.com/Neratus/geoguide/internal/repository/place","github.com/Neratus/geoguide/internal/repository/place",""
"","50","TestCreateReviewUseCase_Integration/Error_ReviewAlreadyExists","","Fri Oct 09 08:06:29 UTC 2026","passed","Fri Oct 09 08:06:29 UTC 2026","","github.com/Neratus/geoguide/internal/usecase/review","github.com/Neratus/geoguide/internal/usecase/review",""
"","50","TestAddPlaceToTripUseCase_Integration/Error_TripNotFound","","Fri Oct 09 08:06:29 UTC 2026","passed","Fri Oct 09 08:06:29 UTC 2026","","github.com/Neratus/geoguide/internal/usecase/planner","github.com/Neratus/geoguide/internal/usecase/planner",""
"","340","TestGetPlacesByCityUseCase_Integration","","Fri Oct 09 08:06:29 UTC 2026","passed","Fri Oct 09 08:06:29 UTC 2026","","github.com/Neratus/geoguide/internal/usecase/catalog","github.com/Neratus/geoguide/internal/usecase/catalog",""
"","0","TestLogoutUseCase_Integration/Error_InvalidSession","","Fri Oct 09 08:06:29 UTC 2026","passed","Fri Oct 09 08:06:29 UTC 2026","","github.com/Neratus/geoguide/internal/usecase/auth","github.com/Neratus/geoguide/internal/usecase/auth",""
"","50","TestPostgresUserRepository/UpdateEmailVerified_Success","","Fri Oct 09 08:06:29 UTC 2026","passed","Fri Oct 09 08:06:29 UTC 2026","","github.com/Neratus/geoguide/internal/repository/user","github.com/Neratus/geoguide/internal/repository/user",""
"","260","TestGetCityUseCase_Integration","","Fri Oct 09 08:06:29 UTC 2026","passed","Fri Oct 09 08:06:29 UTC 2026","","github.com/Neratus/geoguide/internal/usecase/catalog","github.com/Neratus/geoguide/internal/usecase/catalog",""
"","0","TestPostgresCityRepository/City_FindByID_InvalidID","","Fri Oct 09 08:06:29 UTC 2026","passed","Fri Oct 09 08:06:29 UTC 2026","","github.com/Neratus/geoguide/internal/repository/city","github.com/Neratus/geoguide/internal/repository/city",""
"","60","TestCreateReviewUseCase_Integration/Success_CreateNewReview","","Fri Oct 09 08:06:29 UTC 2026","passed","Fri Oct 09 08:06:29 UTC 2026","","github.com/Neratus/geoguide/internal/usecase/review","github.com/Neratus/geoguide/internal/usecase/review",""
"","30","TestPostgresCityRepository","","Fri Oct 09 08:06:29 UTC 2026","passed","Fri Oct 09 08:06:29 UTC 2026","","github.com/Neratus/geoguide/internal/repository/city","github.com/Neratus/geoguide/internal/repository/city",""
"","200","TestGetReviewsByPlaceUseCase_Integration","","Fri Oct 09 08:06:29 UTC 2026","passed","Fri Oct 09 08:06:29 UTC 2026","","github.com/Neratus/geoguide/internal/usecase/review","github.com/Neratus/geoguide/internal/usecase/review",""
"","280","TestSearchCountriesUseCase_Integration","","Fri Oct 09 08:06:29 UTC 2026","passed","Fri Oct 09 08:06:29 UTC 2026","","github.com/Neratus/geoguide/internal/usecase/catalog","github.com/Neratus/geoguide/internal/usecase/catalog",""
"","50","TestPostgresTripRepository/Trip_Delete_Success","","Fri Oct 09 08:06:29 UTC 2026","passed","Fri Oct 09 08:06:29 UTC 2026","","github.com/Neratus/geoguide/internal/repository/trip","github.com/Neratus/geoguide/internal/repository/trip",""
"","0","TestPostgresCityRepository/City_Update_Success","","Fri Oct 09 08:06:29 UTC 2026","passed","Fri Oct 09 08:06:29 UTC 2026","","github.com/Neratus/geoguide/internal/repository/city","github.com/Neratus/geoguide/internal/repository/city",""
"","100","TestDeleteReviewUseCase_Integration/Success_DeleteByModerator","","Fri Oct 09 08:06:29 UTC 2026","passed","Fri Oct 09 08:06:29 UTC 2026","","github.com/Neratus/geoguide/internal/usecase/review","github.com/Neratus/geoguide/internal/usecase/review",""
"","170","TestDeleteTripUseCase_Integration","","Fri Oct 09 08:06:29 UTC 2026","passed","Fri Oct 09 08:06:29 UTC 2026","","github.com/Neratus/geoguide/internal/usecase/planner","github.com/Neratus/geoguide/internal/usecase/planner",""
"","0","TestPostgresPlaceRepository/Review_FindByID_NotFound","","Fri Oct 09 08:06:29 UTC 2026","passed","Fri Oct 09 08:06:29 UTC 2026","","github.com/Neratus/geoguide/internal/repository/place","github.com/Neratus/geoguide/internal/repository/place",""
"","50","TestPostgresPlaceRepository/Review_FindReviewsByPlace_Found","","Fri Oct 09 08:06:29 UTC 2026","passed","Fri Oct 09 08:06:29 UTC 2026","","github.com/Neratus/geoguide/internal/repository/place","github.com/Neratus/geoguide/internal/repository/place",""
"","0","TestPostgresUserRepository/FindByID_InvalidID","","Fri Oct 09 08:06:29 UTC 2026","passed","Fri Oct 09 08:06:29 UTC 2026","","github.com/Neratus/geoguide/internal/repository/user","github.com/Neratus/geoguide/internal/repository/user",""
"","240","TestPostgresStaticRepository/FindByID_Found","","Fri Oct 09 08:06:29 UTC 2026","passed","Fri Oct 09 08:06:29 UTC 2026","","github.com/Neratus/geoguide/internal/repository/static","github.com/Neratus/geoguide/internal/repository/static",""
"","210","TestGetUserProfileUseCase_Integration","","Fri Oct 09 08:06:29 UTC 2026","passed","Fri Oct 09 08:06:29 UTC 2026","","github.com/Neratus/geoguide/internal/usecase/auth","github.com/Neratus/geoguide/internal/usecase/auth",""
"","50","TestGetUserProfileUseCase_Integration/Success_GetProfile","","Fri Oct 09 08:06:29 UTC 2026","passed","Fri Oct 09 08:06:29 UTC 2026","","github.com/Neratus/geoguide/internal/usecase/auth","github.com/Neratus/geoguide/internal/usecase/auth",""
"","0","TestUpdateUserProfileUseCase_Integration/Error_InvalidSession","","Fri Oct 09 08:06:29 UTC 2026","passed","Fri Oct 09 08:06:29 UTC 2026","","github.com/Neratus/geoguide/internal/usecase/auth","github.com/Neratus/geoguide/internal/usecase/auth",""
"","50","TestRegisterUserUseCase_Integration/Error_UserAlreadyExists","","Fri Oct 09 08:06:29 UTC 2026","passed","Fri Oct 09 08:06:29 UTC 2026","","github.com/Neratus/geoguide/internal/usecase/auth","github.com/Neratus/geoguide/internal/usecase/auth",""
"","0","TestPostgresCityRepository/City_FindByID_Found","","Fri Oct 09 08:06:29 UTC 2026","passed","Fri Oct 09 08:06:29 UTC 2026","","github.com/Neratus/geoguide/internal/repository/city","github.com/Neratus/geoguide/internal/repository/city",""
"","90","TestPostgresUserRepository/FindAll_Found","","Fri Oct 09 08:06:29 UTC 2026","passed","Fri Oct 09 08:06:29 UTC 2026","","github.com/Neratus/geoguide/internal/repository/user","github.com/Neratus/geoguide/internal/repository/user",""
"","50","TestPostgresPlaceRepository/Review_Save_Valid","","Fri Oct 09 08:06:29 UTC 2026","passed","Fri Oct 09 08:06:29 UTC 2026","","github.com/Neratus/geoguide/internal/repository/place","github.com/Neratus/geoguide/internal/repository/place",""
"","50","TestPostgresTripRepository/Trip_Update_Success","","Fri Oct 09 08:06:29 UTC 2026","passed","Fri Oct 09 08:06:29 UTC 2026","","github.com/Neratus/geoguide/internal/repository/trip","github.com/Neratus/geoguide/internal/repository/trip",""
"","440","TestPostgresStaticRepository/SaveNew","","Fri Oct 09 08:06:29 UTC 2026","passed","Fri Oct 09 08:06:29 UTC 2026","","github.com/Neratus/geoguide/internal/repository/static","github.com/Neratus/geoguide/internal/repository/static",""
"","0","TestPostgresCountryRepository/Holiday_Delete_Success","","Fri Oct 09 08:06:29 UTC 2026","passed","Fri Oct 09 08:06:29 UTC 2026","","github.com/Neratus/geoguide/internal/repository/country","github.com/Neratus/geoguide/internal/repository/country",""
"","0","TestPostgresCityRepository/District_FindByCity_Empty","","Fri Oct 09 08:06:29 UTC 2026","passed","Fri Oct 09 08:06:29 UTC 2026","","github.com/Neratus/geoguide/internal/repository/city","github.com/Neratus/geoguide/internal/repository/city",""
"","250","TestCreateTripUseCase_Integration","","Fri Oct 09 08:06:29 UTC 2026","passed","Fri Oct 09 08:06:29 UTC 2026","","github.com/Neratus/geoguide/internal/usecase/planner","github.com/Neratus/geoguide/internal/usecase/planner",""
"","50","TestPostgresTripRepository/TripPlace_AddPlace_Success","","Fri Oct 09 08:06:29 UTC 2026","passed","Fri Oct 09 08:06:29 UTC 2026","","github.com/Neratus/geoguide/internal/repository/trip","github.com/Neratus/geoguide/internal/repository/trip",""
"","140","TestGetHolidaysByDateUseCase_Integration/Success_EmptyResult","","Fri Oct 09 08:06:29 UTC 2026","passed","Fri Oct 09 08:06:29 UTC 2026","","github.com/Neratus/geoguide/internal/usecase/catalog","github.com/Neratus/geoguide/internal/usecase/catalog",""
"","0","TestPostgresPlaceRepository/Review_FindReviewsByPlace_Empty","","Fri Oct 09 08:06:29 UTC 2026","passed","Fri Oct 09 08:06:29 UTC 2026","","github.com/Neratus/geoguide/internal/repository/place","github.com/Neratus/geoguide/internal/repository/place",""
"","50","TestAddPlaceToTripUseCase_Integration/Error_PlaceNotFound","","Fri Oct 09 08:06:29 UTC 2026","passed","Fri Oct 09 08:06:29 UTC 2026","","github.com/Neratus/geoguide/internal/usecase/planner","github.com/Neratus/geoguide/internal/usecase/planner",""
"","0","TestPostgresCityRepository/TransportNode_Update_Success","","Fri Oct 09 08:06:29 UTC 2026","passed","Fri Oct 09 08:06:29 UTC 2026","","github.com/Neratus/geoguide/internal/repository/city","github.com/Neratus/geoguide/internal/repository/city",""
"","0","TestPostgresCityRepository/City_Save_Valid","","Fri Oct 09 08:06:29 UTC 2026","passed","Fri Oct 09 08:06:29 UTC 2026","","github.com/Neratus/geoguide/internal/repository/city","github.com/Neratus/geoguide/internal/repository/city",""
"","0","TestPostgresCountryRepository/Holiday_FindHolidaysByCountry_Found","","Fri Oct 09 08:06:29 UTC 2026","passed","Fri Oct 09 08:06:29 UTC 2026","","github.com/Neratus/geoguide/internal/repository/country","github.com/Neratus/geoguide/internal/repository/country",""
"","0","TestPostgresPlaceRepository/Place_FindByID_InvalidID","","Fri Oct 09 08:06:29 UTC 2026","passed","Fri Oct 09 08:06:29 UTC 2026","","github.com/Neratus/geoguide/internal/repository/place","github.com/Neratus/geoguide/internal/repository/place",""
"","50","TestPostgresTripRepository/TripPlace_UpdateTripPlace_Success","","Fri Oct 09 08:06:29 UTC 2026","passed","Fri Oct 09 08:06:29 UTC 2026","","github.com/Neratus/geoguide/internal/repository/trip","github.com/Neratus/geoguide/internal/repository/trip",""
"","0","TestPostgresCountryRepository/Holiday_FindByID_Found","","Fri Oct 09 08:06:29 UTC 2026","passed","Fri Oct 09 08:06:29 UTC 2026","","github.com/Neratus/geoguide/internal/repository/country","github.com/Neratus/geoguide/internal/repository/country",""
"","50","TestGetTripUseCase_Integration/Success_GetTrip","","Fri Oct 09 08:06:29 UTC 2026","passed","Fri Oct 09 08:06:29 UTC 2026","","github.com/Neratus/geoguide/internal/usecase/planner","github.com/Neratus/geoguide/internal/usecase/planner",""
"","50","TestDeleteReviewUseCase_Integration/Success_DeleteByAuthor","","Fri Oct 09 08:06:29 UTC 2026","passed","Fri Oct 09 08:06:29 UTC 2026","","github.com/Neratus/geoguide/internal/usecase/review","github.com/Neratus/geoguide/internal/usecase/review",""
"","290","TestPostgresStaticRepository/Delete_Success","","Fri Oct 09 08:06:29 UTC 2026","passed","Fri Oct 09 08:06:29 UTC 2026","","github.com/Neratus/geoguide/internal/repository/static","github.com/Neratus/geoguide/internal/repository/static",""
"","630","TestPostgresUserRepository","","Fri Oct 09 08:06:29 UTC 2026","passed","Fri Oct 09 08:06:29 UTC 2026","","github.com/Neratus/geoguide/internal/repository/user","github.com/Neratus/geoguide/internal/repository/user",""
"","0","TestPostgresCityRepository/City_FindByID_NotFound","","Fri Oct 09 08:06:29 UTC 2026","passed","Fri Oct 09 08:06:29 UTC 2026","","github.com/Neratus/geoguide/internal/repository/city","github.com/Neratus/geoguide/internal/repository/city",""
"","50","TestPostgresUserRepository/FindByID_Found","","Fri Oct 09 08:06:29 UTC 2026","passed","Fri Oct 09 08:06:29 UTC 2026","","github.com/Neratus/geoguide/internal/repository/user","github.com/Neratus/geoguide/internal/repository/user",""
"","140","TestSearchCountriesUseCase_Integration/Success_FilterByQuery","","Fri Oct 09 08:06:29 UTC 2026","passed","Fri Oct 09 08:06:29 UTC 2026","","github.com/Neratus/geoguide/internal/usecase/catalog","github.com/Neratus/geoguide/internal/usecase/catalog",""
"","0","TestLogoutUseCase_Integration","","Fri Oct 09 08:06:29 UTC 2026","passed","Fri Oct 09 08:06:29 UTC 2026","","github.com/Neratus/geoguide/internal/usecase/auth","github.com/Neratus/geoguide/internal/usecase/auth",""
"","130","TestSearchCitiesUseCase_Integration/Success_SearchByName","","Fri Oct 09 08:06:29 UTC 2026","passed","Fri Oct 09 08:06:29 UTC 2026","","github.com/Neratus/geoguide/internal/usecase/catalog","github.com/Neratus/geoguide/internal/usecase/catalog",""
"","0","TestRegisterUserUseCase_Integration/Error_RateLimited","","Fri Oct 09 08:06:29 UTC 2026","passed","Fri Oct 09 08:06:29 UTC 2026","","github.com/Neratus/geoguide/internal/usecase/auth","github.com/Neratus/geoguide/internal/usecase/auth",""
"","0","TestPostgresCityRepository/City_FindByName_NotFound","","Fri Oct 09 08:06:29 UTC 2026","passed","Fri Oct 09 08:06:29 UTC 2026","","github.com/Neratus/geoguide/internal/repository/city","github.com/Neratus/geoguide/internal/repository/city",""
"","50","TestDeleteTripUseCase_Integration/Success_DeleteTrip","","Fri Oct 09 08:06:29 UTC 2026","passed","Fri Oct 09 08:06:29 UTC 2026","","github.com/Neratus/geoguide/internal/usecase/planner","github.com/Neratus/geoguide/internal/usecase/planner",""
"","0","TestPostgresTripRepository/Trip_FindByID_NotFound","","Fri Oct 09 08:06:29 UTC 2026","passed","Fri Oct 09 08:06:29 UTC 2026","","github.com/Neratus/geoguide/internal/repository/trip","github.com/Neratus/geoguide/internal/repository/trip",""
"","0","TestPostgresCountryRepository/Holiday_FindHolidaysByDate_Found","","Fri Oct 09 08:06:29 UTC 2026","passed","Fri Oct 09 08:06:29 UTC 2026","","github.com/Neratus/geoguide/internal/repository/country","github.com/Neratus/geoguide/internal/repository/country",""
"","0","TestPostgresCountryRepository/Country_Delete_Success","","Fri Oct 09 08:06:29 UTC 2026","passed","Fri Oct 09 08:06:29 UTC 2026","","github.com/Neratus/geoguide/internal/repository/country","github.com/Neratus/geoguide/internal/repository/country",""
"","180","TestVerifyContactUseCase_Integration","","Fri Oct 09 08:06:29 UTC 2026","passed","Fri Oct 09 08:06:29 UTC 2026","","github.com/Neratus/geoguide/internal/usecase/auth","github.com/Neratus/geoguide/internal/usecase/auth",""
"","199","TestModerateReviewUseCase_Integration","","Fri Oct 09 08:06:29 UTC 2026","passed","Fri Oct 09 08:06:29 UTC 2026","","","",""
"","0","TestPostgresCityRepository/TransportNode_Save_Valid","","Fri Oct 09 08:06:29 UTC 2026","passed","Fri Oct 09 08:06:29 UTC 2026","","github.com/Neratus/geoguide/internal/repository/city","github.com/Neratus/geoguide/internal/repository/city",""
"","0","TestPostgresCityRepository/City_FindByCountry_Empty","","Fri Oct 09 08:06:29 UTC 2026","passed","Fri Oct 09 08:06:29 UTC 2026","","github.com/Neratus/geoguide/internal/repository/city","github.com/Neratus/geoguide/internal/repository/city",""
"","50","TestPostgresTripRepository/Trip_FindByUser_Empty","","Fri Oct 09 08:06:29 UTC 2026","passed","Fri Oct 09 08:06:29 UTC 2026","","github.com/Neratus/geoguide/internal/repository/trip","github.com/Neratus/geoguide/internal/repository/trip",""
"","50","TestPostgresPlaceRepository/Review_Delete_Success","","Fri Oct 09 08:06:29 UTC 2026","passed","Fri Oct 09 08:06:29 UTC 2026","","github.com/Neratus/geoguide/internal/repository/place","github.com/Neratus/geoguide/internal/repository/place",""
"","10","TestPostgresPlaceRepository/Place_Delete_Success","","Fri Oct 09 08:06:29 UTC 2026","passed","Fri Oct 09 08:06:29 UTC 2026","","github.com/Neratus/geoguide/internal/repository/place","github.com/Neratus/geoguide/internal/repository/place",""
"","0","TestPostgresPlaceRepository/Place_Update_Success","","Fri Oct 09 08:06:29 UTC 2026","passed","Fri Oct 09 08:06:29 UTC 2026","","github.com/Neratus/geoguide/internal/repository/place","github.com/Neratus/geoguide/internal/repository/place",""
"","490","TestPostgresTripRepository","","Fri Oct 09 08:06:29 UTC 2026","passed","Fri Oct 09 08:06:29 UTC 2026","","github.com/Neratus/geoguide/internal/repository/trip","github.com/Neratus/geoguide/internal/repository/trip",""
"","0","TestPostgresUserRepository/FindByUsername_NotFound","","Fri Oct 09 08:06:29 UTC 2026","passed","Fri Oct 09 08:06:29 UTC 2026","","github.com/Neratus/geoguide/internal/repository/user","github.com/Neratus/geoguide/internal/repository/user",""
"","160","TestGetUserTripsUseCase_Integration","","Fri Oct 09 08:06:29 UTC 2026","passed","Fri Oct 09 08:06:29 UTC 2026","","github.com/Neratus/geoguide/internal/usecase/planner","github.com/Neratus/geoguide/internal/usecase/planner",""
"","0","TestPostgresCountryRepository/Country_Update_PartialSuccess","","Fri Oct 09 08:06:29 UTC 2026","passed","Fri Oct 09 08:06:29 UTC 2026","","github.com/Neratus/geoguide/internal/repository/country","github.com/Neratus/geoguide/internal/repository/country",""
"","0","TestPostgresCountryRepository/Country_FindByName_NotFound","","Fri Oct 09 08:06:29 UTC 2026","passed","Fri Oct 09 08:06:29 UTC 2026","","github.com/Neratus/geoguide/internal/repository/country","github.com/Neratus/geoguide/internal/repository/country",""
"","0","TestPostgresTripRepository/TripPlace_AddPlace_TripNotFound","","Fri Oct 09 08:06:29 UTC 2026","passed","Fri Oct 09 08:06:29 UTC 2026","","github.com/Neratus/geoguide/internal/repository/trip","github.com/Neratus/geoguide/internal/repository/trip",""
"","50","TestPostgresUserRepository/BlockUser_Success","","Fri Oct 09 08:06:29 UTC 2026","passed","Fri Oct 09 08:06:29 UTC 2026","","github.com/Neratus/geoguide/internal/repository/user","github.com/Neratus/geoguide/internal/repository/user",""
"","50","TestPostgresUserRepository/Save_Valid","","Fri Oct 09 08:06:29 UTC 2026","passed","Fri Oct 09 08:06:29 UTC 2026","","github.com/Neratus/geoguide/internal/repository/user","github.com/Neratus/geoguide/internal/repository/user",""
"","90","TestDeleteReviewUseCase_Integration/Error_NotAuthorized","","Fri Oct 09 08:06:29 UTC 2026","passed","Fri Oct 09 08:06:29 UTC 2026","","github.com/Neratus/geoguide/internal/usecase/review","github.com/Neratus/geoguide/internal/usecase/review",""
"","0","TestPostgresCountryRepository/Holiday_FindHolidaysByDate_NotFound","","Fri Oct 09 08:06:29 UTC 2026","passed","Fri Oct 09 08:06:29 UTC 2026","","github.com/Neratus/geoguide/internal/repository/country","github.com/Neratus/geoguide/internal/repository/country",""
"","0","TestPostgresCountryRepository/Country_FindByName_Found","","Fri Oct 09 08:06:29 UTC 2026","passed","Fri Oct 09 08:06:29 UTC 2026","","github.com/Neratus/geoguide/internal/repository/country","github.com/Neratus/geoguide/internal/repository/country",""
"","50","TestCreateTripUseCase_Integration/Success_CreateTrip","","Fri Oct 09 08:06:29 UTC 2026","passed","Fri Oct 09 08:06:29 UTC 2026","","github.com/Neratus/geoguide/internal/usecase/planner","github.com/Neratus/geoguide/internal/usecase/planner",""
"","0","TestPostgresPlaceRepository/Place_FindByCity_Empty","","Fri Oct 09 08:06:29 UTC 2026","passed","Fri Oct 09 08:06:29 UTC 2026","","github.com/Neratus/geoguide/internal/repository/place","github.com/Neratus/geoguide/internal/repository/place",""
"","0","TestPostgresCityRepository/City_Delete_Success","","Fri Oct 09 08:06:29 UTC 2026","passed","Fri Oct 09 08:06:29 UTC 2026","","github.com/Neratus/geoguide/internal/repository/city","github.com/Neratus/geoguide/internal/repository/city",""
"","280","TestGetCountryUseCase_Integration","","Fri Oct 09 08:06:29 UTC 2026","passed","Fri Oct 09 08:06:29 UTC 2026","","github.com/Neratus/geoguide/internal/usecase/catalog","github.com/Neratus/geoguide/internal/usecase/catalog",""
"","0","TestPostgresCityRepository/TransportNode_FindByID_Found","","Fri Oct 09 08:06:29 UTC 2026","passed","Fri Oct 09 08:06:29 UTC 2026","","github.com/Neratus/geoguide/internal/repository/city","github.com/Neratus/geoguide/internal/repository/city",""
"","0","TestPostgresCityRepository/TransportNode_FindByID_NotFound","","Fri Oct 09 08:06:29 UTC 2026","passed","Fri Oct 09 08:06:29 UTC 2026","","github.com/Neratus/geoguide/internal/repository/city","github.com/Neratus/geoguide/internal/repository/city",""
"","0","TestPostgresPlaceRepository/Place_FindByID_NotFound","","Fri Oct 09 08:06:29 UTC 2026","passed","Fri Oct 09 08:06:29 UTC 2026","","github.com/Neratus/geoguide/internal/repository/place","github.com/Neratus/geoguide/internal/repository/place",""
"","0","TestPostgresPlaceRepository/Place_UpdateRating_Success","","Fri Oct 09 08:06:29 UTC 2026","passed","Fri Oct 09 08:06:29 UTC 2026","","github.com/Neratus/geoguide/internal/repository/place","github.com/Neratus/geoguide/internal/repository/place",""
"","130","TestGetCitiesByCountryUseCase_Integration/Error_CitiesNotFound","","Fri Oct 09 08:06:29 UTC 2026","passed","Fri Oct 09 08:06:29 UTC 2026","","github.com/Neratus/geoguide/internal/usecase/catalog","github.com/Neratus/geoguide/internal/usecase/catalog",""
"","50","TestAddPlaceToTripUseCase_Integration/Success_AddPlace","","Fri Oct 09 08:06:29 UTC 2026","passed","Fri Oct 09 08:06:29 UTC 2026","","github.com/Neratus/geoguide/internal/usecase/planner","github.com/Neratus/geoguide/internal/usecase/planner",""
"","0","TestPostgresUserRepository/FindByID_NotFound","","Fri Oct 09 08:06:29 UTC 2026","passed","Fri Oct 09 08:06:29 UTC 2026","","github.com/Neratus/geoguide/internal/repository/user","github.com/Neratus/geoguide/internal/repository/user",""
"","50","TestPostgresPlaceRepository/Review_FindReviewsByUser_Found","","Fri Oct 09 08:06:29 UTC 2026","passed","Fri Oct 09 08:06:29 UTC 2026","","github.com/Neratus/geoguide/internal/repository/place","github.com/Neratus/geoguide/internal/repository/place",""
"","50","TestGetTripUseCase_Integration/Error_TripNotFound","","Fri Oct 09 08:06:29 UTC 2026","passed","Fri Oct 09 08:06:29 UTC 2026","","github.com/Neratus/geoguide/internal/usecase/planner","github.com/Neratus/geoguide/internal/usecase/planner",""
"","0","TestPostgresCityRepository/District_Update_Success","","Fri Oct 09 08:06:29 UTC 2026","passed","Fri Oct 09 08:06:29 UTC 2026","","github.com/Neratus/geoguide/internal/repository/city","github.com/Neratus/geoguide/internal/repository/city",""
"","0","TestGetUserProfileUseCase_Integration/Error_UserNotFound","","Fri Oct 09 08:06:29 UTC 2026","passed","Fri Oct 09 08:06:29 UTC 2026","","github.com/Neratus/geoguide/internal/usecase/auth","github.com/Neratus/geoguide/internal/usecase/auth",""
"","0","TestPostgresCountryRepository/Country_Save_Valid","","Fri Oct 09 08:06:29 UTC 2026","passed","Fri Oct 09 08:06:29 UTC 2026","","github.com/Neratus/geoguide/internal/repository/country","github.com/Neratus/geoguide/internal/repository/country",""
"","50","TestPostgresPlaceRepository/Review_Update_Success","","Fri Oct 09 08:06:29 UTC 2026","passed","Fri Oct 09 08:06:29 UTC 2026","","github.com/Neratus/geoguide/internal/repository/place","github.com/Neratus/geoguide/internal/repository/place",""
"","0","TestPostgresTripRepository/TripPlace_GetPlaces_TripNotFound","","Fri Oct 09 08:06:29 UTC 2026","passed","Fri Oct 09 08:06:29 UTC 2026","","github.com/Neratus/geoguide/internal/repository/trip","github.com/Neratus/geoguide/internal/repository/trip",""
"","130","TestGetCountriesUseCase_Integration/Success_GetAllCountries","","Fri Oct 09 08:06:29 UTC 2026","passed","Fri Oct 09 08:06:29 UTC 2026","","github.com/Neratus/geoguide/internal/usecase/catalog","github.com/Neratus/geoguide/internal/usecase/catalog",""
"","2220","TestPostgresStaticRepository","","Fri Oct 09 08:06:29 UTC 2026","passed","Fri Oct 09 08:06:31 UTC 2026","","github.com/Neratus/geoguide/internal/repository/static","github.com/Neratus/geoguide/internal/repository/static",""
"","50","TestGetReviewsByPlaceUseCase_Integration/Success_GetOnlyApprovedReviews","","Fri Oct 09 08:06:29 UTC 2026","passed","Fri Oct 09 08:06:29 UTC 2026","","github.com/Neratus/geoguide/internal/usecase/review","github.com/Neratus/geoguide/internal/usecase/review",""
"","130","TestGetCountriesUseCase_Integration","","Fri Oct 09 08:06:29 UTC 2026","passed","Fri Oct 09 08:06:29 UTC 2026","","github.com/Neratus/geoguide/internal/usecase/catalog","github.com/Neratus/geoguide/internal/usecase/catalog",""
"","50","TestPostgresTripRepository/Trip_FindByID_Found","","Fri Oct 09 08:06:29 UTC 2026","passed","Fri Oct 09 08:06:29 UTC 2026","","github.com/Neratus/geoguide/internal/repository/trip","github.com/Neratus/geoguide/internal/repository/trip",""
"","50","TestPostgresPlaceRepository/Review_FindByID_Found","","Fri Oct 09 08:06:29 UTC 2026","passed","Fri Oct 09 08:06:29 UTC 2026","","github.com/Neratus/geoguide/internal/repository/place","github.com/Neratus/geoguide/internal/repository/place",""
"","90","TestGetTripUseCase_Integration/Error_Unauthorized","","Fri Oct 09 08:06:29 UTC 2026","passed","Fri Oct 09 08:06:29 UTC 2026","","github.com/Neratus/geoguide/internal/usecase/planner","github.com/Neratus/geoguide/internal/usecase/planner",""
"","130","TestGetPlaceUseCase_Integration/Error_PlaceNotFound","","Fri Oct 09 08:06:29 UTC 2026","passed","Fri Oct 09 08:06:29 UTC 2026","","github.com/Neratus/geoguide/internal/usecase/catalog","github.com/Neratus/geoguide/internal/usecase/catalog",""
"","0","TestPostgresUserRepository/FindAll_Empty","","Fri Oct 09 08:06:29 UTC 2026","passed","Fri Oct 09 08:06:29 UTC 2026","","github.com/Neratus/geoguide/internal/repository/user","github.com/Neratus/geoguide/internal/repository/user",""
"","50","TestPostgresTripRepository/TripPlace_RemovePlace_Success","","Fri Oct 09 08:06:29 UTC 2026","passed","Fri Oct 09 08:06:29 UTC 2026","","github.com/Neratus/geoguide/internal/repository/trip","github.com/Neratus/geoguide/internal/repository/trip",""
"","50","TestPostgresUserRepository/FindByEmail_Found","","Fri Oct 09 08:06:29 UTC 2026","passed","Fri Oct 09 08:06:29 UTC 2026","","github.com/Neratus/geoguide/internal/repository/user","github.com/Neratus/geoguide/internal/repository/user",""
"","0","TestModerateReviewUseCase_Integration/Error_ReviewNotFound","","Fri Oct 09 08:06:29 UTC 2026","passed","Fri Oct 09 08:06:29 UTC 2026","","github.com/Neratus/geoguide/internal/usecase/review","github.com/Neratus/geoguide/internal/usecase/review",""
"","10","TestPostgresPlaceRepository/Place_FindByCategory_Found","","Fri Oct 09 08:06:29 UTC 2026","passed","Fri Oct 09 08:06:29 UTC 2026","","github.com/Neratus/geoguide/internal/repository/place","github.com/Neratus/geoguide/internal/repository/place",""
"","420","TestPostgresPlaceRepository","","Fri Oct 09 08:06:29 UTC 2026","passed","Fri Oct 09 08:06:29 UTC 2026","","github.com/Neratus/geoguide/internal/repository/place","github.com/Neratus/geoguide/internal/repository/place",""
"","0","TestPostgresCityRepository/City_Update_PartialSuccess","","Fri Oct 09 08:06:29 UTC 2026","passed","Fri Oct 09 08:06:29 UTC 2026","","github.com/Neratus/geoguide/internal/repository/city","github.com/Neratus/geoguide/internal/repository/city",""
"","50","TestPostgresTripRepository/TripPlace_GetPlaces_Success","","Fri Oct 09 08:06:29 UTC 2026","passed","Fri Oct 09 08:06:29 UTC 2026","","github.com/Neratus/geoguide/internal/repository/trip","github.com/Neratus/geoguide/internal/repository/trip",""
"","0","TestPostgresCityRepository/District_Save_Valid","","Fri Oct 09 08:06:29 UTC 2026","passed","Fri Oct 09 08:06:29 UTC 2026","","github.com/Neratus/geoguide/internal/repository/city","github.com/Neratus/geoguide/internal/repository/city",""
"","0","TestPostgresCityRepository/City_SearchCities_Found","","Fri Oct 09 08:06:29 UTC 2026","passed","Fri Oct 09 08:06:29 UTC 2026","","github.com/Neratus/geoguide/internal/repository/city","github.com/Neratus/geoguide/internal/repository/city",""
"","210","TestPostgresStaticRepository/FindByID_NotFound","","Fri Oct 09 08:06:29 UTC 2026","passed","Fri Oct 09 08:06:29 UTC 2026","","github.com/Neratus/geoguide/internal/repository/static","github.com/Neratus/geoguide/internal/repository/static",""
"","0","TestPostgresCityRepository/City_SearchCities_Empty","","Fri Oct 09 08:06:29 UTC 2026","passed","Fri Oct 09 08:06:29 UTC 2026","","github.com/Neratus/geoguide/internal/repository/city","github.com/Neratus/geoguide/internal/repository/city",""
"","0","TestPostgresCityRepository/TransportNode_FindByCity_Empty","","Fri Oct 09 08:06:29 UTC 2026","passed","Fri Oct 09 08:06:29 UTC 2026","","github.com/Neratus/geoguide/internal/repository/city","github.com/Neratus/geoguide/internal/repository/city",""
"","290","TestGetTripUseCase_Integration","","Fri Oct 09 08:06:29 UTC 2026","passed","Fri Oct 09 08:06:29 UTC 2026","","github.com/Neratus/geoguide/internal/usecase/planner","github.com/Neratus/geoguide/internal/usecase/planner",""
"","50","TestPostgresTripRepository/Trip_Save_Valid","","Fri Oct 09 08:06:29 UTC 2026","passed","Fri Oct 09 08:06:29 UTC 2026","","github.com/Neratus/geoguide/internal/repository/trip","github.com/Neratus/geoguide/internal/repository/trip",""
"","130","TestGetCitiesByCountryUseCase_Integration/Success_GetCitiesWithImageURL","","Fri Oct 09 08:06:29 UTC 2026","passed","Fri Oct 09 08:06:29 UTC 2026","","github.com/Neratus/geoguide/internal/usecase/catalog","github.com/Neratus/geoguide/internal/usecase/catalog",""
"","140","TestGetPlacesByCategoryUseCase_Integration/Success_GetPlacesByCategory","","Fri Oct 09 08:06:29 UTC 2026","passed","Fri Oct 09 08:06:29 UTC 2026","","github.com/Neratus/geoguide/internal/usecase/catalog","github.com/Neratus/geoguide/internal/usecase/catalog",""
"","0","TestGetReviewsByPlaceUseCase_Integration/Error_PlaceNotFound","","Fri Oct 09 08:06:29 UTC 2026","passed","Fri Oct 09 08:06:29 UTC 2026","","github.com/Neratus/geoguide/internal/usecase/review","github.com/Neratus/geoguide/internal/usecase/review",""
"","20","TestPostgresCountryRepository","","Fri Oct 09 08:06:29 UTC 2026","passed","Fri Oct 09 08:06:29 UTC 2026","","github.com/Neratus/geoguide/internal/repository/country","github.com/Neratus/geoguide/internal/repository/country",""
"","0","TestPostgresCountryRepository/Holiday_FindByID_NotFound","","Fri Oct 09 08:06:29 UTC 2026","passed","Fri Oct 09 08:06:29 UTC 2026","","github.com/Neratus/geoguide/internal/repository/country","github.com/Neratus/geoguide/internal/repository/country",""
"","0","TestPostgresCityRepository/TransportNode_FindByID_InvalidID","","Fri Oct 09 08:06:29 UTC 2026","passed","Fri Oct 09 08:06:29 UTC 2026","","github.com/Neratus/geoguide/internal/repository/city","github.com/Neratus/geoguide/internal/repository/city",""
"","140","TestGetHolidaysByDateUseCase_Integration/Success_GetHolidays","","Fri Oct 09 08:06:29 UTC 2026","passed","Fri Oct 09 08:06:29 UTC 2026","","github.com/Neratus/geoguide/internal/usecase/catalog","github.com/Neratus/geoguide/internal/usecase/catalog",""
"","0","TestPostgresPlaceRepository/Place_FindByID_Found","","Fri Oct 09 08:06:29 UTC 2026","passed","Fri Oct 09 08:06:29 UTC 2026","","github.com/Neratus/geoguide/internal/repository/place","github.com/Neratus/geoguide/internal/repository/place",""
"","0","TestMockCityRepository_TransportNodesDiagnostic","","Fri Oct 09 08:07:10 UTC 2026","passed","Fri Oct 09 08:07:10 UTC 2026","","github.com/Neratus/geoguide/internal/usecase/catalog","github.com/Neratus/geoguide/internal/usecase/catalog",""
"","0","TestModerateReviewUseCase/Error_ReviewAlreadyModerated","","Fri Oct 09 08:07:10 UTC 2026","passed","Fri Oct 09 08:07:10 UTC 2026","","github.com/Neratus/geoguide/internal/usecase/review","github.com/Neratus/geoguide/internal/usecase/review",""
"","0","TestGetHolidaysByCountryUseCase","","Fri Oct 09 08:07:10 UTC 2026","passed","Fri Oct 09 08:07:10 UTC 2026","","github.com/Neratus/geoguide/internal/usecase/catalog","github.com/Neratus/geoguide/internal/usecase/catalog",""
"","0","TestDeleteTripUseCase/Error_TripNotFound","","Fri Oct 09 08:07:10 UTC 2026","passed","Fri Oct 09 08:07:10 UTC 2026","","github.com/Neratus/geoguide/internal/usecase/planner","github.com/Neratus/geoguide/internal/usecase/planner",""
"","0","TestMockCityRepository/TransportNodeDelete","","Fri Oct 09 08:07:10 UTC 2026","passed","Fri Oct 09 08:07:10 UTC 2026","","github.com/Neratus/geoguide/internal/repository/city","github.com/Neratus/geoguide/internal/repository/city",""
"","0","TestDeleteReviewUseCase/Success_DeleteByAuthor","","Fri Oct 09 08:07:10 UTC 2026","passed","Fri Oct 09 08:07:10 UTC 2026","","github.com/Neratus/geoguide/internal/usecase/review","github.com/Neratus/geoguide/internal/usecase/review",""
"","0","TestMockTripRepository/AddPlace_TripNotFound","","Fri Oct 09 08:07:10 UTC 2026","passed","Fri Oct 09 08:07:10 UTC 2026","","github.com/Neratus/geoguide/internal/repository/trip","github.com/Neratus/geoguide/internal/repository/trip",""
"","0","TestMockTripRepository/GetPlaces_Success","","Fri Oct 09 08:07:10 UTC 2026","passed","Fri Oct 09 08:07:10 UTC 2026","","github.com/Neratus/geoguide/internal/repository/trip","github.com/Neratus/geoguide/internal/repository/trip",""
"","0","TestCreateReviewUseCase","","Fri Oct 09 08:07:10 UTC 2026","passed","Fri Oct 09 08:07:10 UTC 2026","","github.com/Neratus/geoguide/internal/usecase/review","github.com/Neratus/geoguide/internal/usecase/review",""
"","0","TestMockUserRepository/FindByEmail_NotFound","","Fri Oct 09 08:07:10 UTC 2026","passed","Fri Oct 09 08:07:10 UTC 2026","","github.com/Neratus/geoguide/internal/repository/user","github.com/Neratus/geoguide/internal/repository/user",""
"","0","TestAddPlaceToTripUseCase/Error_TripNotFound","","Fri Oct 09 08:07:10 UTC 2026","passed","Fri Oct 09 08:07:10 UTC 2026","","github.com/Neratus/geoguide/internal/usecase/planner","github.com/Neratus/geoguide/internal/usecase/planner",""
"","0","TestMockSessionRepository/Delete","","Fri Oct 09 08:07:10 UTC 2026","passed","Fri Oct 09 08:07:10 UTC 2026","","github.com/Neratus/geoguide/internal/repository/session","github.com/Neratus/geoguide/internal/repository/session",""
"Test cases for TestMockCountryRepository","0","TestMockCountryRepository","","Fri Oct 09 08:07:04 UTC 2026","passed","Fri Oct 09 08:07:04 UTC 2026","","","github.com/Neratus/geoguide/internal/repository/country/TestMockCountryRepository","TestMockCountryRepository"
"","0","TestGetCitiesByCountryUseCase/Error_CitiesNotFound","","Fri Oct 09 08:07:10 UTC 2026","passed","Fri Oct 09 08:07:10 UTC 2026","","github.com/Neratus/geoguide/internal/usecase/catalog","github.com/Neratus/geoguide/internal/usecase/catalog",""
"","0","TestMockCountryRepository/FindHolidayByID_Found","","Fri Oct 09 08:07:10 UTC 2026","passed","Fri Oct 09 08:07:10 UTC 2026","","github.com/Neratus/geoguide/internal/repository/country","github.com/Neratus/geoguide/internal/repository/country",""
"","0","TestMockCountryRepository/FindHolidayByID_NotFound","","Fri Oct 09 08:07:10 UTC 2026","passed","Fri Oct 09 08:07:10 UTC 2026","","github.com/Neratus/geoguide/internal/repository/country","github.com/Neratus/geoguide/internal/repository/country",""
"","0","TestMockTripRepository/SaveNewTrip","","Fri Oct 09 08:07:10 UTC 2026","passed","Fri Oct 09 08:07:10 UTC 2026","","github.com/Neratus/geoguide/internal/repository/trip","github.com/Neratus/geoguide/internal/repository/trip",""
"","0","TestSearchCitiesUseCase/Success_SearchByName","","Fri Oct 09 08:07:10 UTC 2026","passed","Fri Oct 09 08:07:10 UTC 2026","","github.com/Neratus/geoguide/internal/usecase/catalog","github.com/Neratus/geoguide/internal/usecase/catalog",""
"Test cases for TestGetTripUseCase","0","TestGetTripUseCase","","Fri Oct 09 08:07:10 UTC 2026","passed","Fri Oct 09 08:07:10 UTC 2026","","","github.com/Neratus/geoguide/internal/usecase/planner/TestGetTripUseCase","TestGetTripUseCase"
"","0","TestGetUserTripsUseCase/Success_GetUserTrips","","Fri Oct 09 08:07:10 UTC 2026","passed","Fri Oct 09 08:07:10 UTC 2026","","github.com/Neratus/geoguide/internal/usecase/planner","github.com/Neratus/geoguide/internal/usecase/planner",""
"","0","TestMockPlaceRepository/FindReviewByID_Found","","Fri Oct 09 08:07:10 UTC 2026","passed","Fri Oct 09 08:07:10 UTC 2026","","github.com/Neratus/geoguide/internal/repository/place","github.com/Neratus/geoguide/internal/repository/place",""
"Test cases for TestRegisterUserUseCase_Classical","67","TestRegisterUserUseCase_Classical","","Fri Oct 09 08:07:09 UTC 2026","passed","Fri Oct 09 08:07:09 UTC 2026","","","github.com/Neratus/geoguide/internal/usecase/auth/TestRegisterUserUseCase_Classical","TestRegisterUserUseCase_Classical"
"","0","TestSearchCountriesUseCase/Success_EmptyQuery_ReturnsAll","","Fri Oct 09 08:07:10 UTC 2026","passed","Fri Oct 09 08:07:10 UTC 2026","","github.com/Neratus/geoguide/internal/usecase/catalog","github.com/Neratus/geoguide/internal/usecase/catalog",""
"Test cases for TestMockStaticPageRepository","1","TestMockStaticPageRepository","","Fri Oct 09 08:07:06 UTC 2026","passed","Fri Oct 09 08:07:06 UTC 2026","","","github.com/Neratus/geoguide/internal/repository/static/TestMockStaticPageRepository","TestMockStaticPageRepository"
"Test cases for TestDeleteTripUseCase","0","TestDeleteTripUseCase","","Fri Oct 09 08:07:10 UTC 2026","passed","Fri Oct 09 08:07:10 UTC 2026","","","github.com/Neratus/geoguide/internal/usecase/planner/TestDeleteTripUseCase","TestDeleteTripUseCase"
"","0","TestDeleteReviewUseCase","","Fri Oct 09 08:07:10 UTC 2026","passed","Fri Oct 09 08:07:10 UTC 2026","","github.com/Neratus/geoguide/internal/usecase/review","github.com/Neratus/geoguide/internal/usecase/review",""
"","0","TestGetCitiesByCountryUseCase/Success_GetCitiesWithImageURL","","Fri Oct 09 08:07:10 UTC 2026","passed","Fri Oct 09 08:07:10 UTC 2026","","github.com/Neratus/geoguide/internal/usecase/catalog","github.com/Neratus/geoguide/internal/usecase/catalog",""
"","0","TestMockPlaceRepository/FindByID_Found","","Fri Oct 09 08:07:10 UTC 2026","passed","Fri Oct 09 08:07:10 UTC 2026","","github.com/Neratus/geoguide/internal/repository/place","github.com/Neratus/geoguide/internal/repository/place",""
"","0","TestGetUserProfileUseCase_Classical/Success_GetProfile","","Fri Oct 09 08:07:10 UTC 2026","passed","Fri Oct 09 08:07:10 UTC 2026","","github.com/Neratus/geoguide/internal/usecase/auth","github.com/Neratus/geoguide/internal/usecase/auth",""
"","70","TestMockUserRepository/SaveNew","","Fri Oct 09 08:07:10 UTC 2026","passed","Fri Oct 09 08:07:10 UTC 2026","","github.com/Neratus/geoguide/internal/repository/user","github.com/Neratus/geoguide/internal/repository/user",""
"","0","TestGetPlaceUseCase/Success_GetPlaceByID","","Fri Oct 09 08:07:10 UTC 2026","passed","Fri Oct 09 08:07:10 UTC 2026","","github.com/Neratus/geoguide/internal/usecase/catalog","github.com/Neratus/geoguide/internal/usecase/catalog",""
"","0","TestMockCountryRepository/FindByName_NotFound","","Fri Oct 09 08:07:10 UTC 2026","passed","Fri Oct 09 08:07:10 UTC 2026","","github.com/Neratus/geoguide/internal/repository/country","github.com/Neratus/geoguide/internal/repository/country",""
"","0","TestE2E_DemoScenario/Step3_GetCountry_Russia","","Fri Oct 09 08:07:10 UTC 2026","passed","Fri Oct 09 08:07:10 UTC 2026","","github.com/Neratus/geoguide/internal/e2e","github.com/Neratus/geoguide/internal/e2e",""
"","0","TestMockCityRepository/CityDelete","","Fri Oct 09 08:07:10 UTC 2026","passed","Fri Oct 09 08:07:10 UTC 2026","","github.com/Neratus/geoguide/internal/repository/city","github.com/Neratus/geoguide/internal/repository/city",""
"","0","TestGetCountriesUseCase/Success_GetAllCountries","","Fri Oct 09 08:07:10 UTC 2026","passed","Fri Oct 09 08:07:10 UTC 2026","","github.com/Neratus/geoguide/internal/usecase/catalog","github.com/Neratus/geoguide/internal/usecase/catalog",""
"","0","TestMockTripRepository/FindByID_NotFound","","Fri Oct 09 08:07:10 UTC 2026","passed","Fri Oct 09 08:07:10 UTC 2026","","github.com/Neratus/geoguide/internal/repository/trip","github.com/Neratus/geoguide/internal/repository/trip",""
"","0","TestMockPlaceRepository/FindReviewByID_NotFound","","Fri Oct 09 08:07:10 UTC 2026","passed","Fri Oct 09 08:07:10 UTC 2026","","github.com/Neratus/geoguide/internal/repository/place","github.com/Neratus/geoguide/internal/repository/place",""
"","0","TestGetCitiesByCountryUseCase/Error_RepositoryFailure","","Fri Oct 09 08:07:10 UTC 2026","passed","Fri Oct 09 08:07:10 UTC 2026","","github.com/Neratus/geoguide/internal/usecase/catalog","github.com/Neratus/geoguide/internal/usecase/catalog",""
"Test cases for TestLogoutUseCase_Classical","0","TestLogoutUseCase_Classical","","Fri Oct 09 08:07:09 UTC 2026","passed","Fri Oct 09 08:07:09 UTC 2026","","","github.com/Neratus/geoguide/internal/usecase/auth/TestLogoutUseCase_Classical","TestLogoutUseCase_Classical"
"","0","TestGetPlacesByCategoryUseCase/Success_GetPlacesByCategory","","Fri Oct 09 08:07:10 UTC 2026","passed","Fri Oct 09 08:07:10 UTC 2026","","github.com/Neratus/geoguide/internal/usecase/catalog","github.com/Neratus/geoguide/internal/usecase/catalog",""
"","0","TestGetTripUseCase/Error_TripNotFound","","Fri Oct 09 08:07:10 UTC 2026","passed","Fri Oct 09 08:07:10 UTC 2026","","github.com/Neratus/geoguide/internal/usecase/planner","github.com/Neratus/geoguide/internal/usecase/planner",""
"Test cases for TestSearchCitiesUseCase","0","TestSearchCitiesUseCase","","Fri Oct 09 08:07:09 UTC 2026","passed","Fri Oct 09 08:07:09 UTC 2026","","","github.com/Neratus/geoguide/internal/usecase/catalog/TestSearchCitiesUseCase","TestSearchCitiesUseCase"
"","0","TestLogoutUseCase_Classical","","Fri Oct 09 08:07:10 UTC 2026","passed","Fri Oct 09 08:07:10 UTC 2026","","github.com/Neratus/geoguide/internal/usecase/auth","github.com/Neratus/geoguide/internal/usecase/auth",""
"","0","TestMockCountryRepository/DeleteHoliday_Success","","Fri Oct 09 08:07:10 UTC 2026","passed","Fri Oct 09 08:07:10 UTC 2026","","github.com/Neratus/geoguide/internal/repository/country","github.com/Neratus/geoguide/internal/repository/country",""
"","0","TestMockCityRepository/DistrictSaveAndFind","","Fri Oct 09 08:07:10 UTC 2026","passed","Fri Oct 09 08:07:10 UTC 2026","","github.com/Neratus/geoguide/internal/repository/city","github.com/Neratus/geoguide/internal/repository/city",""
"","0","TestUpdateUserProfileUseCase_Classical/Success_UpdateProfile","","Fri Oct 09 08:07:10 UTC 2026","passed","Fri Oct 09 08:07:10 UTC 2026","","github.com/Neratus/geoguide/internal/usecase/auth","github.com/Neratus/geoguide/internal/usecase/auth",""
"","0","TestMockTripRepository/UpdateTripPlace_Success","","Fri Oct 09 08:07:10 UTC 2026","passed","Fri Oct 09 08:07:10 UTC 2026","","github.com/Neratus/geoguide/internal/repository/trip","github.com/Neratus/geoguide/internal/repository/trip",""
"","0","TestSearchCountriesUseCase","","Fri Oct 09 08:07:10 UTC 2026","passed","Fri Oct 09 08:07:10 UTC 2026","","github.com/Neratus/geoguide/internal/usecase/catalog","github.com/Neratus/geoguide/internal/usecase/catalog",""
"","0","TestGetCityUseCase","","Fri Oct 09 08:07:10 UTC 2026","passed","Fri Oct 09 08:07:10 UTC 2026","","github.com/Neratus/geoguide/internal/usecase/catalog","github.com/Neratus/geoguide/internal/usecase/catalog",""
"","0","TestMockCountryRepository/SaveNewCountry","","Fri Oct 09 08:07:10 UTC 2026","passed","Fri Oct 09 08:07:10 UTC 2026","","github.com/Neratus/geoguide/internal/repository/country","github.com/Neratus/geoguide/internal/repository/country",""
"","0","TestMockTripRepository/GetPlaces_TripNotFound","","Fri Oct 09 08:07:10 UTC 2026","passed","Fri Oct 09 08:07:10 UTC 2026","","github.com/Neratus/geoguide/internal/repository/trip","github.com/Neratus/geoguide/internal/repository/trip",""
"","0","TestMockTripRepository/RemovePlace_Success","","Fri Oct 09 08:07:10 UTC 2026","passed","Fri Oct 09 08:07:10 UTC 2026","","github.com/Neratus/geoguide/internal/repository/trip","github.com/Neratus/geoguide/internal/repository/trip",""
"Test cases for TestModerateReviewUseCase","0","TestModerateReviewUseCase","","Fri Oct 09 08:07:10 UTC 2026","passed","Fri Oct 09 08:07:10 UTC 2026","","","github.com/Neratus/geoguide/internal/usecase/review/TestModerateReviewUseCase","TestModerateReviewUseCase"
"","0","TestMockCountryRepository/DeleteCountry_Success","","Fri Oct 09 08:07:10 UTC 2026","passed","Fri Oct 09 08:07:10 UTC 2026","","github.com/Neratus/geoguide/internal/repository/country","github.com/Neratus/geoguide/internal/repository/country",""
"","0","TestMockUserRepository/FindByID_NotFound","","Fri Oct 09 08:07:10 UTC 2026","passed","Fri Oct 09 08:07:10 UTC 2026","","github.com/Neratus/geoguide/internal/repository/user","github.com/Neratus/geoguide/internal/repository/user",""
"","0","TestMockCityRepository/CityUpdate","","Fri Oct 09 08:07:10 UTC 2026","passed","Fri Oct 09 08:07:10 UTC 2026","","github.com/Neratus/geoguide/internal/repository/city","github.com/Neratus/geoguide/internal/repository/city",""
"","0","TestGetHolidaysByCountryUseCase/Error_RepositoryFailure","","Fri Oct 09 08:07:10 UTC 2026","passed","Fri Oct 09 08:07:10 UTC 2026","","github.com/Neratus/geoguide/internal/usecase/catalog","github.com/Neratus/geoguide/internal/usecase/catalog",""
"","0","TestMockPlaceRepository/DeleteReview_Success","","Fri Oct 09 08:07:10 UTC 2026","passed","Fri Oct 09 08:07:10 UTC 2026","","github.com/Neratus/geoguide/internal/repository/place","github.com/Neratus/geoguide/internal/repository/place",""
"","0","TestMockCityRepository/CityFound","","Fri Oct 09 08:07:10 UTC 2026","passed","Fri Oct 09 08:07:10 UTC 2026","","github.com/Neratus/geoguide/internal/repository/city","github.com/Neratus/geoguide/internal/repository/city",""
"","70","TestRegisterUserUseCase_Classical/Success_Register","","Fri Oct 09 08:07:10 UTC 2026","passed","Fri Oct 09 08:07:10 UTC 2026","","github.com/Neratus/geoguide/internal/usecase/auth","github.com/Neratus/geoguide/internal/usecase/auth",""
"","0","TestGetCitiesByCountryUseCase","","Fri Oct 09 08:07:10 UTC 2026","passed","Fri Oct 09 08:07:10 UTC 2026","","github.com/Neratus/geoguide/internal/usecase/catalog","github.com/Neratus/geoguide/internal/usecase/catalog",""
"Test cases for TestVerifyContactUseCase_Classical","1","TestVerifyContactUseCase_Classical","","Fri Oct 09 08:07:09 UTC 2026","passed","Fri Oct 09 08:07:09 UTC 2026","","","github.com/Neratus/geoguide/internal/usecase/auth/TestVerifyContactUseCase_Classical","TestVerifyContactUseCase_Classical"
"","0","TestGetTripUseCase/Success_GetTrip","","Fri Oct 09 08:07:10 UTC 2026","passed","Fri Oct 09 08:07:10 UTC 2026","","github.com/Neratus/geoguide/internal/usecase/planner","github.com/Neratus/geoguide/internal/usecase/planner",""
"","0","TestMockCityRepository/DistrictNotFound","","Fri Oct 09 08:07:10 UTC 2026","passed","Fri Oct 09 08:07:10 UTC 2026","","github.com/Neratus/geoguide/internal/repository/city","github.com/Neratus/geoguide/internal/repository/city",""
"","0","TestMockPlaceRepository/UpdateReview_Success","","Fri Oct 09 08:07:10 UTC 2026","passed","Fri Oct 09 08:07:10 UTC 2026","","github.com/Neratus/geoguide/internal/repository/place","github.com/Neratus/geoguide/internal/repository/place",""
"","0","TestGetPlacesByCategoryUseCase/Success_EmptyCategory","","Fri Oct 09 08:07:10 UTC 2026","passed","Fri Oct 09 08:07:10 UTC 2026","","github.com/Neratus/geoguide/internal/usecase/catalog","github.com/Neratus/geoguide/internal/usecase/catalog",""
"Test cases for TestMockSessionRepository","0","TestMockSessionRepository","","Fri Oct 09 08:07:06 UTC 2026","passed","Fri Oct 09 08:07:06 UTC 2026","","","github.com/Neratus/geoguide/internal/repository/session/TestMockSessionRepository","TestMockSessionRepository"
"","70","TestMockUserRepository/BlockUser_Success","","Fri Oct 09 08:07:10 UTC 2026","passed","Fri Oct 09 08:07:10 UTC 2026","","github.com/Neratus/geoguide/internal/repository/user","github.com/Neratus/geoguide/internal/repository/user",""
"Test cases for TestMockCityRepository_TransportNodesDiagnostic","0","TestMockCityRepository_TransportNodesDiagnostic","","Fri Oct 09 08:07:09 UTC 2026","passed","Fri Oct 09 08:07:09 UTC 2026","","","github.com/Neratus/geoguide/internal/usecase/catalog/TestMockCityRepository_TransportNodesDiagnostic","TestMockCityRepository_TransportNodesDiagnostic"
"","0","TestRegisterUserUseCase_Classical/Error_UserAlreadyExists","","Fri Oct 09 08:07:10 UTC 2026","passed","Fri Oct 09 08:07:10 UTC 2026","","github.com/Neratus/geoguide/internal/usecase/auth","github.com/Neratus/geoguide/internal/usecase/auth",""
"","0","TestGetPlaceUseCase","","Fri Oct 09 08:07:10 UTC 2026","passed","Fri Oct 09 08:07:10 UTC 2026","","github.com/Neratus/geoguide/internal/usecase/catalog","github.com/Neratus/geoguide/internal/usecase/catalog",""
"","0","TestDeleteReviewUseCase/Error_NotAuthorized","","Fri Oct 09 08:07:10 UTC 2026","passed","Fri Oct 09 08:07:10 UTC 2026","","github.com/Neratus/geoguide/internal/usecase/review","github.com/Neratus/geoguide/internal/usecase/review",""
"","20","TestE2E_DemoScenario/Step7_CreateTripAndAddPlace","","Fri Oct 09 08:07:10 UTC 2026","passed","Fri Oct 09 08:07:10 UTC 2026","","github.com/Neratus/geoguide/internal/e2e","github.com/Neratus/geoguide/internal/e2e",""
"","0","TestMockCountryRepository/FindByID_Found","","Fri Oct 09 08:07:10 UTC 2026","passed","Fri Oct 09 08:07:10 UTC 2026","","github.com/Neratus/geoguide/internal/repository/country","github.com/Neratus/geoguide/internal/repository/country",""
"","0","TestMockPlaceRepository/SaveNewReview","","Fri Oct 09 08:07:10 UTC 2026","passed","Fri Oct 09 08:07:10 UTC 2026","","github.com/Neratus/geoguide/internal/repository/place","github.com/Neratus/geoguide/internal/repository/place",""
"","0","TestMockStaticPageRepository/Delete_Success","","Fri Oct 09 08:07:10 UTC 2026","passed","Fri Oct 09 08:07:10 UTC 2026","","github.com/Neratus/geoguide/internal/repository/static","github.com/Neratus/geoguide/internal/repository/static",""
"","0","TestCreateReviewUseCase/Success_CreateNewReview","","Fri Oct 09 08:07:10 UTC 2026","passed","Fri Oct 09 08:07:10 UTC 2026","","github.com/Neratus/geoguide/internal/usecase/review","github.com/Neratus/geoguide/internal/usecase/review",""
"","0","TestGetTripUseCase","","Fri Oct 09 08:07:10 UTC 2026","passed","Fri Oct 09 08:07:10 UTC 2026","","github.com/Neratus/geoguide/internal/usecase/planner","github.com/Neratus/geoguide/internal/usecase/planner",""
"","0","TestMockStaticPageRepository/Update_Success","","Fri Oct 09 08:07:10 UTC 2026","passed","Fri Oct 09 08:07:10 UTC 2026","","github.com/Neratus/geoguide/internal/repository/static","github.com/Neratus/geoguide/internal/repository/static",""
"","10","TestE2E_DemoScenario/Step6_AddToFavourites","","Fri Oct 09 08:07:10 UTC 2026","passed","Fri Oct 09 08:07:10 UTC 2026","","github.com/Neratus/geoguide/internal/e2e","github.com/Neratus/geoguide/internal/e2e",""
"","0","TestCreateReviewUseCase/Error_ReviewAlreadyExists","","Fri Oct 09 08:07:10 UTC 2026","passed","Fri Oct 09 08:07:10 UTC 2026","","github.com/Neratus/geoguide/internal/usecase/review","github.com/Neratus/geoguide/internal/usecase/review",""
"","0","TestGetCityUseCase/Error_CityNotFound","","Fri Oct 09 08:07:10 UTC 2026","passed","Fri Oct 09 08:07:10 UTC 2026","","github.com/Neratus/geoguide/internal/usecase/catalog","github.com/Neratus/geoguide/internal/usecase/catalog",""
"","0","TestGetPlaceUseCase/Error_PlaceNotFound","","Fri Oct 09 08:07:10 UTC 2026","passed","Fri Oct 09 08:07:10 UTC 2026","","github.com/Neratus/geoguide/internal/usecase/catalog","github.com/Neratus/geoguide/internal/usecase/catalog",""
"","70","TestMockUserRepository/UnblockUser_Success","","Fri Oct 09 08:07:10 UTC 2026","passed","Fri Oct 09 08:07:10 UTC 2026","","github.com/Neratus/geoguide/internal/repository/user","github.com/Neratus/geoguide/internal/repository/user",""
"","0","TestGetPlacesUseCase","","Fri Oct 09 08:07:10 UTC 2026","passed","Fri Oct 09 08:07:10 UTC 2026","","github.com/Neratus/geoguide/internal/usecase/catalog","github.com/Neratus/geoguide/internal/usecase/catalog",""
"","0","TestMockCityRepository/CityFindByCountry","","Fri Oct 09 08:07:10 UTC 2026","passed","Fri Oct 09 08:07:10 UTC 2026","","github.com/Neratus/geoguide/internal/repository/city","github.com/Neratus/geoguide/internal/repository/city",""
"","0","TestModerateReviewUseCase","","Fri Oct 09 08:07:10 UTC 2026","passed","Fri Oct 09 08:07:10 UTC 2026","","github.com/Neratus/geoguide/internal/usecase/review","github.com/Neratus/geoguide/internal/usecase/review",""
"","0","TestMockStaticPageRepository/SaveExisting","","Fri Oct 09 08:07:10 UTC 2026","passed","Fri Oct 09 08:07:10 UTC 2026","","github.com/Neratus/geoguide/internal/repository/static","github.com/Neratus/geoguide/internal/repository/static",""
"Test cases for TestSearchCountriesUseCase","1","TestSearchCountriesUseCase","","Fri Oct 09 08:07:09 UTC 2026","passed","Fri Oct 09 08:07:09 UTC 2026","","","github.com/Neratus/geoguide/internal/usecase/catalog/TestSearchCountriesUseCase","TestSearchCountriesUseCase"
"","0","TestMockCountryRepository/FindAll","","Fri Oct 09 08:07:10 UTC 2026","passed","Fri Oct 09 08:07:10 UTC 2026","","github.com/Neratus/geoguide/internal/repository/country","github.com/Neratus/geoguide/internal/repository/country",""
"","0","TestMockCityRepository/CityNotFound","","Fri Oct 09 08:07:10 UTC 2026","passed","Fri Oct 09 08:07:10 UTC 2026","","github.com/Neratus/geoguide/internal/repository/city","github.com/Neratus/geoguide/internal/repository/city",""
"Test cases for TestMockPlaceRepository","2","TestMockPlaceRepository","","Fri Oct 09 08:07:05 UTC 2026","passed","Fri Oct 09 08:07:05 UTC 2026","","","github.com/Neratus/geoguide/internal/repository/place/TestMockPlaceRepository","TestMockPlaceRepository"
"","0","TestGetCountriesUseCase","","Fri Oct 09 08:07:10 UTC 2026","passed","Fri Oct 09 08:07:10 UTC 2026","","github.com/Neratus/geoguide/internal/usecase/catalog","github.com/Neratus/geoguide/internal/usecase/catalog",""
"","0","TestMockCityRepository/TransportNodeNotFound","","Fri Oct 09 08:07:10 UTC 2026","passed","Fri Oct 09 08:07:10 UTC 2026","","github.com/Neratus/geoguide/internal/repository/city","github.com/Neratus/geoguide/internal/repository/city",""
"","0","TestMockCityRepository/DistrictUpdate","","Fri Oct 09 08:07:10 UTC 2026","passed","Fri Oct 09 08:07:10 UTC 2026","","github.com/Neratus/geoguide/internal/repository/city","github.com/Neratus/geoguide/internal/repository/city",""
"","0","TestMockPlaceRepository/FindByCategory","","Fri Oct 09 08:07:10 UTC 2026","passed","Fri Oct 09 08:07:10 UTC 2026","","github.com/Neratus/geoguide/internal/repository/place","github.com/Neratus/geoguide/internal/repository/place",""
"","0","TestMockCountryRepository/FindByID_NotFound","","Fri Oct 09 08:07:10 UTC 2026","passed","Fri Oct 09 08:07:10 UTC 2026","","github.com/Neratus/geoguide/internal/repository/country","github.com/Neratus/geoguide/internal/repository/country",""
"","0","TestE2E_DemoScenario/Step5_GetPlace_RedSquare","","Fri Oct 09 08:07:10 UTC 2026","passed","Fri Oct 09 08:07:10 UTC 2026","","github.com/Neratus/geoguide/internal/e2e","github.com/Neratus/geoguide/internal/e2e",""
"","0","TestSearchCitiesUseCase/Success_NoResults","","Fri Oct 09 08:07:10 UTC 2026","passed","Fri Oct 09 08:07:10 UTC 2026","","github.com/Neratus/geoguide/internal/usecase/catalog","github.com/Neratus/geoguide/internal/usecase/catalog",""
"","0","TestSearchCountriesUseCase/Error_RepositoryFailure","","Fri Oct 09 08:07:10 UTC 2026","passed","Fri Oct 09 08:07:10 UTC 2026","","github.com/Neratus/geoguide/internal/usecase/catalog","github.com/Neratus/geoguide/internal/usecase/catalog",""
"","600","TestMockUserRepository","","Fri Oct 09 08:07:10 UTC 2026","passed","Fri Oct 09 08:07:10 UTC 2026","","github.com/Neratus/geoguide/internal/repository/user","github.com/Neratus/geoguide/internal/repository/user",""
"","0","TestMockTripRepository/AddPlace_Success","","Fri Oct 09 08:07:10 UTC 2026","passed","Fri Oct 09 08:07:10 UTC 2026","","github.com/Neratus/geoguide/internal/repository/trip","github.com/Neratus/geoguide/internal/repository/trip",""
"","0","TestMockPlaceRepository/ModerateReview_Success","","Fri Oct 09 08:07:10 UTC 2026","passed","Fri Oct 09 08:07:10 UTC 2026","","github.com/Neratus/geoguide/internal/repository/place","github.com/Neratus/geoguide/internal/repository/place",""
"","0","TestAddPlaceToTripUseCase/Error_PlaceNotFound","","Fri Oct 09 08:07:10 UTC 2026","passed","Fri Oct 09 08:07:10 UTC 2026","","github.com/Neratus/geoguide/internal/usecase/planner","github.com/Neratus/geoguide/internal/usecase/planner",""
"","0","TestMockCityRepository/TransportNodeUpdate","","Fri Oct 09 08:07:10 UTC 2026","passed","Fri Oct 09 08:07:10 UTC 2026","","github.com/Neratus/geoguide/internal/repository/city","github.com/Neratus/geoguide/internal/repository/city",""
"Test cases for TestGetReviewsByPlaceUseCase","0","TestGetReviewsByPlaceUseCase","","Fri Oct 09 08:07:10 UTC 2026","passed","Fri Oct 09 08:07:10 UTC 2026","","","github.com/Neratus/geoguide/internal/usecase/review/TestGetReviewsByPlaceUseCase","TestGetReviewsByPlaceUseCase"
"","0","TestMockStaticPageRepository/FindByID_NotFound","","Fri Oct 09 08:07:10 UTC 2026","passed","Fri Oct 09 08:07:10 UTC 2026","","github.com/Neratus/geoguide/internal/repository/static","github.com/Neratus/geoguide/internal/repository/static",""
"","0","TestGetCountriesUseCase/Error_RepositoryFailure","","Fri Oct 09 08:07:10 UTC 2026","passed","Fri Oct 09 08:07:10 UTC 2026","","github.com/Neratus/geoguide/internal/usecase/catalog","github.com/Neratus/geoguide/internal/usecase/catalog",""
"","0","TestMockPlaceRepository/UpdatePlace_Success","","Fri Oct 09 08:07:10 UTC 2026","passed","Fri Oct 09 08:07:10 UTC 2026","","github.com/Neratus/geoguide/internal/repository/place","github.com/Neratus/geoguide/internal/repository/place",""
"","0","TestDeleteReviewUseCase/Error_ReviewNotFound","","Fri Oct 09 08:07:10 UTC 2026","passed","Fri Oct 09 08:07:10 UTC 2026","","github.com/Neratus/geoguide/internal/usecase/review","github.com/Neratus/geoguide/internal/usecase/review",""
"","70","TestMockUserRepository/FindByEmail_Found","","Fri Oct 09 08:07:10 UTC 2026","passed","Fri Oct 09 08:07:10 UTC 2026","","github.com/Neratus/geoguide/internal/repository/user","github.com/Neratus/geoguide/internal/repository/user",""
"","0","TestMockTripRepository/FindByUser","","Fri Oct 09 08:07:10 UTC 2026","passed","Fri Oct 09 08:07:10 UTC 2026","","github.com/Neratus/geoguide/internal/repository/trip","github.com/Neratus/geoguide/internal/repository/trip",""
"","0","TestE2E_DemoScenario/Step2_GetCountries","","Fri Oct 09 08:07:10 UTC 2026","passed","Fri Oct 09 08:07:10 UTC 2026","","github.com/Neratus/geoguide/internal/e2e","github.com/Neratus/geoguide/internal/e2e",""
"Test cases for TestGetCitiesByCountryUseCase","0","TestGetCitiesByCountryUseCase","","Fri Oct 09 08:07:09 UTC 2026","passed","Fri Oct 09 08:07:09 UTC 2026","","","github.com/Neratus/geoguide/internal/usecase/catalog/TestGetCitiesByCountryUseCase","TestGetCitiesByCountryUseCase"
"","0","TestGetCountryUseCase/Error_CountryNotFound","","Fri Oct 09 08:07:10 UTC 2026","passed","Fri Oct 09 08:07:10 UTC 2026","","github.com/Neratus/geoguide/internal/usecase/catalog","github.com/Neratus/geoguide/internal/usecase/catalog",""
"","0","TestRegisterUserUseCase_Classical/Error_RateLimited","","Fri Oct 09 08:07:10 UTC 2026","passed","Fri Oct 09 08:07:10 UTC 2026","","github.com/Neratus/geoguide/internal/usecase/auth","github.com/Neratus/geoguide/internal/usecase/auth",""
"Test cases for TestDeleteReviewUseCase","0","TestDeleteReviewUseCase","","Fri Oct 09 08:07:10 UTC 2026","passed","Fri Oct 09 08:07:10 UTC 2026","","","github.com/Neratus/geoguide/internal/usecase/review/TestDeleteReviewUseCase","TestDeleteReviewUseCase"
"","0","TestLogoutUseCase_Classical/Success_Logout","","Fri Oct 09 08:07:10 UTC 2026","passed","Fri Oct 09 08:07:10 UTC 2026","","github.com/Neratus/geoguide/internal/usecase/auth","github.com/Neratus/geoguide/internal/usecase/auth",""
"","0","TestMockStaticPageRepository/GetFile_Success","","Fri Oct 09 08:07:10 UTC 2026","passed","Fri Oct 09 08:07:10 UTC 2026","","github.com/Neratus/geoguide/internal/repository/static","github.com/Neratus/geoguide/internal/repository/static",""
"","0","TestMockStaticPageRepository/Update_NotFound","","Fri Oct 09 08:07:10 UTC 2026","passed","Fri Oct 09 08:07:10 UTC 2026","","github.com/Neratus/geoguide/internal/repository/static","github.com/Neratus/geoguide/internal/repository/static",""
"","70","TestMockUserRepository/FindByUsername_Found","","Fri Oct 09 08:07:10 UTC 2026","passed","Fri Oct 09 08:07:10 UTC 2026","","github.com/Neratus/geoguide/internal/repository/user","github.com/Neratus/geoguide/internal/repository/user",""
"Test cases for TestCreateTripUseCase","0","TestCreateTripUseCase","","Fri Oct 09 08:07:10 UTC 2026","passed","Fri Oct 09 08:07:10 UTC 2026","","","github.com/Neratus/geoguide/internal/usecase/planner/TestCreateTripUseCase","TestCreateTripUseCase"
"","0","TestAddPlaceToTripUseCase/Success_AddPlace","","Fri Oct 09 08:07:10 UTC 2026","passed","Fri Oct 09 08:07:10 UTC 2026","","github.com/Neratus/geoguide/internal/usecase/planner","github.com/Neratus/geoguide/internal/usecase/planner",""
"","0","TestMockCityRepository/CityFindByName","","Fri Oct 09 08:07:10 UTC 2026","passed","Fri Oct 09 08:07:10 UTC 2026","","github.com/Neratus/geoguide/internal/repository/city","github.com/Neratus/geoguide/internal/repository/city",""
"","0","TestDeleteTripUseCase","","Fri Oct 09 08:07:10 UTC 2026","passed","Fri Oct 09 08:07:10 UTC 2026","","github.com/Neratus/geoguide/internal/usecase/planner","github.com/Neratus/geoguide/internal/usecase/planner",""
"Test cases for TestMockUserRepository","604","TestMockUserRepository","","Fri Oct 09 08:07:07 UTC 2026","passed","Fri Oct 09 08:07:08 UTC 2026","","","github.com/Neratus/geoguide/internal/repository/user/TestMockUserRepository","TestMockUserRepository"
"","70","TestRegisterUserUseCase_Classical","","Fri Oct 09 08:07:10 UTC 2026","passed","Fri Oct 09 08:07:10 UTC 2026","","github.com/Neratus/geoguide/internal/usecase/auth","github.com/Neratus/geoguide/internal/usecase/auth",""
"","0","TestGetHolidaysByDateUseCase/Success_GetHolidays","","Fri Oct 09 08:07:10 UTC 2026","passed","Fri Oct 09 08:07:10 UTC 2026","","github.com/Neratus/geoguide/internal/usecase/catalog","github.com/Neratus/geoguide/internal/usecase/catalog",""
"","0","TestGetHolidaysByDateUseCase/Success_EmptyResult","","Fri Oct 09 08:07:10 UTC 2026","passed","Fri Oct 09 08:07:10 UTC 2026","","github.com/Neratus/geoguide/internal/usecase/catalog","github.com/Neratus/geoguide/internal/usecase/catalog",""
"","0","TestGetReviewsByPlaceUseCase","","Fri Oct 09 08:07:10 UTC 2026","passed","Fri Oct 09 08:07:10 UTC 2026","","github.com/Neratus/geoguide/internal/usecase/review","github.com/Neratus/geoguide/internal/usecase/review",""
"Test cases for TestGetCountryUseCase","1","TestGetCountryUseCase","","Fri Oct 09 08:07:09 UTC 2026","passed","Fri Oct 09 08:07:09 UTC 2026","","","github.com/Neratus/geoguide/internal/usecase/catalog/TestGetCountryUseCase","TestGetCountryUseCase"
"Test cases for TestMockTripRepository","1","TestMockTripRepository","","Fri Oct 09 08:07:07 UTC 2026","passed","Fri Oct 09 08:07:07 UTC 2026","","","github.com/Neratus/geoguide/internal/repository/trip/TestMockTripRepository","TestMockTripRepository"
"","0","TestMockStaticPageRepository/GetFile_NotFound","","Fri Oct 09 08:07:10 UTC 2026","passed","Fri Oct 09 08:07:10 UTC 2026","","github.com/Neratus/geoguide/internal/repository/static","github.com/Neratus/geoguide/internal/repository/static",""
"","70","TestMockUserRepository/FindByID_Found","","Fri Oct 09 08:07:10 UTC 2026","passed","Fri Oct 09 08:07:10 UTC 2026","","github.com/Neratus/geoguide/internal/repository/user","github.com/Neratus/geoguide/internal/repository/user",""
"","0","TestGetReviewsByPlaceUseCase/Error_PlaceNotFound","","Fri Oct 09 08:07:10 UTC 2026","passed","Fri Oct 09 08:07:10 UTC 2026","","github.com/Neratus/geoguide/internal/usecase/review","github.com/Neratus/geoguide/internal/usecase/review",""
"","0","TestSearchCitiesUseCase/Error_RepositoryFailure","","Fri Oct 09 08:07:10 UTC 2026","passed","Fri Oct 09 08:07:10 UTC 2026","","github.com/Neratus/geoguide/internal/usecase/catalog","github.com/Neratus/geoguide/internal/usecase/catalog",""
"","0","TestGetPlacesByCategoryUseCase","","Fri Oct 09 08:07:10 UTC 2026","passed","Fri Oct 09 08:07:10 UTC 2026","","github.com/Neratus/geoguide/internal/usecase/catalog","github.com/Neratus/geoguide/internal/usecase/catalog",""
"","0","TestUpdateUserProfileUseCase_Classical/Error_InvalidSession","","Fri Oct 09 08:07:10 UTC 2026","passed","Fri Oct 09 08:07:10 UTC 2026","","github.com/Neratus/geoguide/internal/usecase/auth","github.com/Neratus/geoguide/internal/usecase/auth",""
"","0","TestMockPlaceRepository/FindReviewsByUser","","Fri Oct 09 08:07:10 UTC 2026","passed","Fri Oct 09 08:07:10 UTC 2026","","github.com/Neratus/geoguide/internal/repository/place","github.com/Neratus/geoguide/internal/repository/place",""
"","0","TestMockCountryRepository/UpdateCountry_Success","","Fri Oct 09 08:07:10 UTC 2026","passed","Fri Oct 09 08:07:10 UTC 2026","","github.com/Neratus/geoguide/internal/repository/country","github.com/Neratus/geoguide/internal/repository/country",""
"","0","TestMockStaticPageRepository","","Fri Oct 09 08:07:10 UTC 2026","passed","Fri Oct 09 08:07:10 UTC 2026","","github.com/Neratus/geoguide/internal/repository/static","github.com/Neratus/geoguide/internal/repository/static",""
"Test cases for TestGetHolidaysByDateUseCase","0","TestGetHolidaysByDateUseCase","","Fri Oct 09 08:07:09 UTC 2026","passed","Fri Oct 09 08:07:09 UTC 2026","","","github.com/Neratus/geoguide/internal/usecase/catalog/TestGetHolidaysByDateUseCase","TestGetHolidaysByDateUseCase"
"","0","TestDeleteTripUseCase/Success_DeleteTrip","","Fri Oct 09 08:07:10 UTC 2026","passed","Fri Oct 09 08:07:10 UTC 2026","","github.com/Neratus/geoguide/internal/usecase/planner","github.com/Neratus/geoguide/internal/usecase/planner",""
"","0","TestE2E_DemoScenario/Step4_GetCity_Moscow","","Fri Oct 09 08:07:10 UTC 2026","passed","Fri Oct 09 08:07:10 UTC 2026","","github.com/Neratus/geoguide/internal/e2e","github.com/Neratus/geoguide/internal/e2e",""
"","0","TestLogoutUseCase_Classical/Error_InvalidSession","","Fri Oct 09 08:07:10 UTC 2026","passed","Fri Oct 09 08:07:10 UTC 2026","","github.com/Neratus/geoguide/internal/usecase/auth","github.com/Neratus/geoguide/internal/usecase/auth",""
"","0","TestGetHolidaysByCountryUseCase/Success_GetHolidaysByCountry","","Fri Oct 09 08:07:10 UTC 2026","passed","Fri Oct 09 08:07:10 UTC 2026","","github.com/Neratus/geoguide/internal/usecase/catalog","github.com/Neratus/geoguide/internal/usecase/catalog",""
"","0","TestMockCountryRepository","","Fri Oct 09 08:07:10 UTC 2026","passed","Fri Oct 09 08:07:10 UTC 2026","","github.com/Neratus/geoguide/internal/repository/country","github.com/Neratus/geoguide/internal/repository/country",""
"","0","TestGetReviewsByPlaceUseCase/Success_GetOnlyApprovedReviews","","Fri Oct 09 08:07:10 UTC 2026","passed","Fri Oct 09 08:07:10 UTC 2026","","github.com/Neratus/geoguide/internal/usecase/review","github.com/Neratus/geoguide/internal/usecase/review",""
"","0","TestGetReviewsByPlaceUseCase/Success_GetAllReviews","","Fri Oct 09 08:07:10 UTC 2026","passed","Fri Oct 09 08:07:10 UTC 2026","","github.com/Neratus/geoguide/internal/usecase/review","github.com/Neratus/geoguide/internal/usecase/review",""
"","0","TestMockPlaceRepository/SaveExistingPlace","","Fri Oct 09 08:07:10 UTC 2026","passed","Fri Oct 09 08:07:10 UTC 2026","","github.com/Neratus/geoguide/internal/repository/place","github.com/Neratus/geoguide/internal/repository/place",""
"","0","TestMockSessionRepository/SetAndGet","","Fri Oct 09 08:07:10 UTC 2026","passed","Fri Oct 09 08:07:10 UTC 2026","","github.com/Neratus/geoguide/internal/repository/session","github.com/Neratus/geoguide/internal/repository/session",""
"Test cases for TestMockCityRepository_DistrictsDiagnostic","0","TestMockCityRepository_DistrictsDiagnostic","","Fri Oct 09 08:07:09 UTC 2026","passed","Fri Oct 09 08:07:09 UTC 2026","","","github.com/Neratus/geoguide/internal/usecase/catalog/TestMockCityRepository_DistrictsDiagnostic","TestMockCityRepository_DistrictsDiagnostic"
"Test cases for TestGetCountriesUseCase","0","TestGetCountriesUseCase","","Fri Oct 09 08:07:09 UTC 2026","passed","Fri Oct 09 08:07:09 UTC 2026","","","github.com/Neratus/geoguide/internal/usecase/catalog/TestGetCountriesUseCase","TestGetCountriesUseCase"
"Test cases for TestGetPlacesByCategoryUseCase","0","TestGetPlacesByCategoryUseCase","","Fri Oct 09 08:07:09 UTC 2026","passed","Fri Oct 09 08:07:09 UTC 2026","","","github.com/Neratus/geoguide/internal/usecase/catalog/TestGetPlacesByCategoryUseCase","TestGetPlacesByCategoryUseCase"
"","0","TestMockCityRepository/TransportNodeFindByCity","","Fri Oct 09 08:07:10 UTC 2026","passed","Fri Oct 09 08:07:10 UTC 2026","","github.com/Neratus/geoguide/internal/repository/city","github.com/Neratus/geoguide/internal/repository/city",""
"","0","TestMockPlaceRepository","","Fri Oct 09 08:07:10 UTC 2026","passed","Fri Oct 09 08:07:10 UTC 2026","","github.com/Neratus/geoguide/internal/repository/place","github.com/Neratus/geoguide/internal/repository/place",""
"","0","TestModerateReviewUseCase/Error_ReviewNotFound","","Fri Oct 09 08:07:10 UTC 2026","passed","Fri Oct 09 08:07:10 UTC 2026","","github.com/Neratus/geoguide/internal/usecase/review","github.com/Neratus/geoguide/internal/usecase/review",""
"","0","TestMockPlaceRepository/FindByID_NotFound","","Fri Oct 09 08:07:10 UTC 2026","passed","Fri Oct 09 08:07:10 UTC 2026","","github.com/Neratus/geoguide/internal/repository/place","github.com/Neratus/geoguide/internal/repository/place",""
"","0","TestMockStaticPageRepository/Delete_NotFound","","Fri Oct 09 08:07:10 UTC 2026","passed","Fri Oct 09 08:07:10 UTC 2026","","github.com/Neratus/geoguide/internal/repository/static","github.com/Neratus/geoguide/internal/repository/static",""
"","0","TestGetPlacesUseCase/Success_GetPlacesByCity","","Fri Oct 09 08:07:10 UTC 2026","passed","Fri Oct 09 08:07:10 UTC 2026","","github.com/Neratus/geoguide/internal/usecase/catalog","github.com/Neratus/geoguide/internal/usecase/catalog",""
"","70","TestMockUserRepository/Delete_Success","","Fri Oct 09 08:07:10 UTC 2026","passed","Fri Oct 09 08:07:10 UTC 2026","","github.com/Neratus/geoguide/internal/repository/user","github.com/Neratus/geoguide/internal/repository/user",""
"","0","TestE2E_DemoScenario/Step1_Login_Success","","Fri Oct 09 08:07:10 UTC 2026","passed","Fri Oct 09 08:07:10 UTC 2026","","github.com/Neratus/geoguide/internal/e2e","github.com/Neratus/geoguide/internal/e2e",""
"","0","TestMockCountryRepository/UpdateHoliday_Success","","Fri Oct 09 08:07:10 UTC 2026","passed","Fri Oct 09 08:07:10 UTC 2026","","github.com/Neratus/geoguide/internal/repository/country","github.com/Neratus/geoguide/internal/repository/country",""
"","0","TestMockCountryRepository/FindByName_Found","","Fri Oct 09 08:07:10 UTC 2026","passed","Fri Oct 09 08:07:10 UTC 2026","","github.com/Neratus/geoguide/internal/repository/country","github.com/Neratus/geoguide/internal/repository/country",""
"","0","TestMockCityRepository_DistrictsDiagnostic","","Fri Oct 09 08:07:10 UTC 2026","passed","Fri Oct 09 08:07:10 UTC 2026","","github.com/Neratus/geoguide/internal/usecase/catalog","github.com/Neratus/geoguide/internal/usecase/catalog",""
"","0","TestMockPlaceRepository/FindByCity","","Fri Oct 09 08:07:10 UTC 2026","passed","Fri Oct 09 08:07:10 UTC 2026","","github.com/Neratus/geoguide/internal/repository/place","github.com/Neratus/geoguide/internal/repository/place",""
"","0","TestUpdateUserProfileUseCase_Classical","","Fri Oct 09 08:07:10 UTC 2026","passed","Fri Oct 09 08:07:10 UTC 2026","","github.com/Neratus/geoguide/internal/usecase/auth","github.com/Neratus/geoguide/internal/usecase/auth",""
"","0","TestUpdateUserProfileUseCase_Classical/Error_UserBlocked","","Fri Oct 09 08:07:10 UTC 2026","passed","Fri Oct 09 08:07:10 UTC 2026","","github.com/Neratus/geoguide/internal/usecase/auth","github.com/Neratus/geoguide/internal/usecase/auth",""
"","70","TestMockUserRepository/Update_Success","","Fri Oct 09 08:07:10 UTC 2026","passed","Fri Oct 09 08:07:10 UTC 2026","","github.com/Neratus/geoguide/internal/repository/user","github.com/Neratus/geoguide/internal/repository/user",""
"","0","TestGetHolidaysByDateUseCase/Error_RepositoryFailure","","Fri Oct 09 08:07:10 UTC 2026","passed","Fri Oct 09 08:07:10 UTC 2026","","github.com/Neratus/geoguide/internal/usecase/catalog","github.com/Neratus/geoguide/internal/usecase/catalog",""
"","0","TestGetUserProfileUseCase_Classical/Error_UserNotFound","","Fri Oct 09 08:07:10 UTC 2026","passed","Fri Oct 09 08:07:10 UTC 2026","","github.com/Neratus/geoguide/internal/usecase/auth","github.com/Neratus/geoguide/internal/usecase/auth",""
"Test cases for TestGetUserTripsUseCase","0","TestGetUserTripsUseCase","","Fri Oct 09 08:07:10 UTC 2026","passed","Fri Oct 09 08:07:10 UTC 2026","","","github.com/Neratus/geoguide/internal/usecase/planner/TestGetUserTripsUseCase","TestGetUserTripsUseCase"
"","0","TestMockPlaceRepository/UpdateRating_Success","","Fri Oct 09 08:07:10 UTC 2026","passed","Fri Oct 09 08:07:10 UTC 2026","","github.com/Neratus/geoguide/internal/repository/place","github.com/Neratus/geoguide/internal/repository/place",""
"","0","TestMockCityRepository","","Fri Oct 09 08:07:10 UTC 2026","passed","Fri Oct 09 08:07:10 UTC 2026","","github.com/Neratus/geoguide/internal/repository/city","github.com/Neratus/geoguide/internal/repository/city",""
"","70","TestMockUserRepository/SaveExisting","","Fri Oct 09 08:07:10 UTC 2026","passed","Fri Oct 09 08:07:10 UTC 2026","","github.com/Neratus/geoguide/internal/repository/user","github.com/Neratus/geoguide/internal/repository/user",""
"Test cases for TestUpdateUserProfileUseCase_Classical","0","TestUpdateUserProfileUseCase_Classical","","Fri Oct 09 08:07:09 UTC 2026","passed","Fri Oct 09 08:07:09 UTC 2026","","","github.com/Neratus/geoguide/internal/usecase/auth/TestUpdateUserProfileUseCase_Classical","TestUpdateUserProfileUseCase_Classical"
"Test cases for TestGetCityUseCase","0","TestGetCityUseCase","","Fri Oct 09 08:07:09 UTC 2026","passed","Fri Oct 09 08:07:09 UTC 2026","","","github.com/Neratus/geoguide/internal/usecase/catalog/TestGetCityUseCase","TestGetCityUseCase"
"Test cases for TestMockCityRepository","1","TestMockCityRepository","","Fri Oct 09 08:07:04 UTC 2026","passed","Fri Oct 09 08:07:04 UTC 2026","","","github.com/Neratus/geoguide/internal/repository/city/TestMockCityRepository","TestMockCityRepository"
"Test cases for TestGetPlacesUseCase","0","TestGetPlacesUseCase","","Fri Oct 09 08:07:09 UTC 2026","passed","Fri Oct 09 08:07:09 UTC 2026","","","github.com/Neratus/geoguide/internal/usecase/catalog/TestGetPlacesUseCase","TestGetPlacesUseCase"
"Test cases for TestCreateReviewUseCase","1","TestCreateReviewUseCase","","Fri Oct 09 08:07:10 UTC 2026","passed","Fri Oct 09 08:07:10 UTC 2026","","","github.com/Neratus/geoguide/internal/usecase/review/TestCreateReviewUseCase","TestCreateReviewUseCase"
"","0","TestVerifyContactUseCase_Classical/Success_VerifyEmail","","Fri Oct 09 08:07:10 UTC 2026","passed","Fri Oct 09 08:07:10 UTC 2026","","github.com/Neratus/geoguide/internal/usecase/auth","github.com/Neratus/geoguide/internal/usecase/auth",""
"","0","TestModerateReviewUseCase/Success_ModerateAndApprove","","Fri Oct 09 08:07:10 UTC 2026","passed","Fri Oct 09 08:07:10 UTC 2026","","github.com/Neratus/geoguide/internal/usecase/review","github.com/Neratus/geoguide/internal/usecase/review",""
"","0","TestMockTripRepository/UpdateTrip_Success","","Fri Oct 09 08:07:10 UTC 2026","passed","Fri Oct 09 08:07:10 UTC 2026","","github.com/Neratus/geoguide/internal/repository/trip","github.com/Neratus/geoguide/internal/repository/trip",""
"","0","TestGetCountryUseCase","","Fri Oct 09 08:07:10 UTC 2026","passed","Fri Oct 09 08:07:10 UTC 2026","","github.com/Neratus/geoguide/internal/usecase/catalog","github.com/Neratus/geoguide/internal/usecase/catalog",""
"","0","TestMockSessionRepository/GetNotFound","","Fri Oct 09 08:07:10 UTC 2026","passed","Fri Oct 09 08:07:10 UTC 2026","","github.com/Neratus/geoguide/internal/repository/session","github.com/Neratus/geoguide/internal/repository/session",""
"","0","TestMockCityRepository/TransportNodeSaveAndFind","","Fri Oct 09 08:07:10 UTC 2026","passed","Fri Oct 09 08:07:10 UTC 2026","","github.com/Neratus/geoguide/internal/repository/city","github.com/Neratus/geoguide/internal/repository/city",""
"","0","TestGetHolidaysByDateUseCase","","Fri Oct 09 08:07:10 UTC 2026","passed","Fri Oct 09 08:07:10 UTC 2026","","github.com/Neratus/geoguide/internal/usecase/catalog","github.com/Neratus/geoguide/internal/usecase/catalog",""
"","0","TestMockTripRepository/FindByID_Found","","Fri Oct 09 08:07:10 UTC 2026","passed","Fri Oct 09 08:07:10 UTC 2026","","github.com/Neratus/geoguide/internal/repository/trip","github.com/Neratus/geoguide/internal/repository/trip",""
"","0","TestGetUserProfileUseCase_Classical","","Fri Oct 09 08:07:10 UTC 2026","passed","Fri Oct 09 08:07:10 UTC 2026","","github.com/Neratus/geoguide/internal/usecase/auth","github.com/Neratus/geoguide/internal/usecase/auth",""
"","0","TestMockPlaceRepository/SaveNewPlace","","Fri Oct 09 08:07:10 UTC 2026","passed","Fri Oct 09 08:07:10 UTC 2026","","github.com/Neratus/geoguide/internal/repository/place","github.com/Neratus/geoguide/internal/repository/place",""
"","0","TestDeleteReviewUseCase/Success_DeleteByModerator","","Fri Oct 09 08:07:10 UTC 2026","passed","Fri Oct 09 08:07:10 UTC 2026","","github.com/Neratus/geoguide/internal/usecase/review","github.com/Neratus/geoguide/internal/usecase/review",""
"","0","TestMockSessionRepository/Exists","","Fri Oct 09 08:07:10 UTC 2026","passed","Fri Oct 09 08:07:10 UTC 2026","","github.com/Neratus/geoguide/internal/repository/session","github.com/Neratus/geoguide/internal/repository/session",""
"","0","TestMockPlaceRepository/SaveExistingReview","","Fri Oct 09 08:07:10 UTC 2026","passed","Fri Oct 09 08:07:10 UTC 2026","","github.com/Neratus/geoguide/internal/repository/place","github.com/Neratus/geoguide/internal/repository/place",""
"","0","TestMockCityRepository/DistrictDelete","","Fri Oct 09 08:07:10 UTC 2026","passed","Fri Oct 09 08:07:10 UTC 2026","","github.com/Neratus/geoguide/internal/repository/city","github.com/Neratus/geoguide/internal/repository/city",""
"","0","TestGetCountryUseCase/Success_GetCountryByID","","Fri Oct 09 08:07:10 UTC 2026","passed","Fri Oct 09 08:07:10 UTC 2026","","github.com/Neratus/geoguide/internal/usecase/catalog","github.com/Neratus/geoguide/internal/usecase/catalog",""
"","0","TestMockSessionRepository","","Fri Oct 09 08:07:10 UTC 2026","passed","Fri Oct 09 08:07:10 UTC 2026","","github.com/Neratus/geoguide/internal/repository/session","github.com/Neratus/geoguide/internal/repository/session",""
"","0","TestMockTripRepository","","Fri Oct 09 08:07:10 UTC 2026","passed","Fri Oct 09 08:07:10 UTC 2026","","github.com/Neratus/geoguide/internal/repository/trip","github.com/Neratus/geoguide/internal/repository/trip",""
"","0","TestAddPlaceToTripUseCase","","Fri Oct 09 08:07:10 UTC 2026","passed","Fri Oct 09 08:07:10 UTC 2026","","github.com/Neratus/geoguide/internal/usecase/planner","github.com/Neratus/geoguide/internal/usecase/planner",""
"","32090","TestE2E_DemoScenario","","Fri Oct 09 08:07:10 UTC 2026","passed","Fri Oct 09 08:07:42 UTC 2026","","github.com/Neratus/geoguide/internal/e2e","github.com/Neratus/geoguide/internal/e2e",""
"","0","TestGetUserTripsUseCase","","Fri Oct 09 08:07:10 UTC 2026","passed","Fri Oct 09 08:07:10 UTC 2026","","github.com/Neratus/geoguide/internal/usecase/planner","github.com/Neratus/geoguide/internal/usecase/planner",""
"","0","TestVerifyContactUseCase_Classical/Error_InvalidCode","","Fri Oct 09 08:07:10 UTC 2026","passed","Fri Oct 09 08:07:10 UTC 2026","","github.com/Neratus/geoguide/internal/usecase/auth","github.com/Neratus/geoguide/internal/usecase/auth",""
"","0","TestVerifyContactUseCase_Classical","","Fri Oct 09 08:07:10 UTC 2026","passed","Fri Oct 09 08:07:10 UTC 2026","","github.com/Neratus/geoguide/internal/usecase/auth","github.com/Neratus/geoguide/internal/usecase/auth",""
"","0","TestMockCountryRepository/FindHolidaysByDate","","Fri Oct 09 08:07:10 UTC 2026","passed","Fri Oct 09 08:07:10 UTC 2026","","github.com/Neratus/geoguide/internal/repository/country","github.com/Neratus/geoguide/internal/repository/country",""
"","0","TestMockPlaceRepository/FindReviewsByPlace","","Fri Oct 09 08:07:10 UTC 2026","passed","Fri Oct 09 08:07:10 UTC 2026","","github.com/Neratus/geoguide/internal/repository/place","github.com/Neratus/geoguide/internal/repository/place",""
"","0","TestMockUserRepository/FindByUsername_NotFound","","Fri Oct 09 08:07:10 UTC 2026","passed","Fri Oct 09 08:07:10 UTC 2026","","github.com/Neratus/geoguide/internal/repository/user","github.com/Neratus/geoguide/internal/repository/user",""
"Test cases for TestGetPlaceUseCase","0","TestGetPlaceUseCase","","Fri Oct 09 08:07:09 UTC 2026","passed","Fri Oct 09 08:07:09 UTC 2026","","","github.com/Neratus/geoguide/internal/usecase/catalog/TestGetPlaceUseCase","TestGetPlaceUseCase"
"","0","TestMockCountryRepository/SaveNewHoliday","","Fri Oct 09 08:07:10 UTC 2026","passed","Fri Oct 09 08:07:10 UTC 2026","","github.com/Neratus/geoguide/internal/repository/country","github.com/Neratus/geoguide/internal/repository/country",""
"","0","TestSearchCountriesUseCase/Success_FilterByQuery","","Fri Oct 09 08:07:10 UTC 2026","passed","Fri Oct 09 08:07:10 UTC 2026","","github.com/Neratus/geoguide/internal/usecase/catalog","github.com/Neratus/geoguide/internal/usecase/catalog",""
"","0","TestSearchCitiesUseCase","","Fri Oct 09 08:07:10 UTC 2026","passed","Fri Oct 09 08:07:10 UTC 2026","","github.com/Neratus/geoguide/internal/usecase/catalog","github.com/Neratus/geoguide/internal/usecase/catalog",""
"","0","TestGetTripUseCase/Error_Unauthorized","","Fri Oct 09 08:07:10 UTC 2026","passed","Fri Oct 09 08:07:10 UTC 2026","","github.com/Neratus/geoguide/internal/usecase/planner","github.com/Neratus/geoguide/internal/usecase/planner",""
"","0","TestMockStaticPageRepository/FindByID_Found","","Fri Oct 09 08:07:10 UTC 2026","passed","Fri Oct 09 08:07:10 UTC 2026","","github.com/Neratus/geoguide/internal/repository/static","github.com/Neratus/geoguide/internal/repository/static",""
"","0","TestCreateTripUseCase","","Fri Oct 09 08:07:10 UTC 2026","passed","Fri Oct 09 08:07:10 UTC 2026","","github.com/Neratus/geoguide/internal/usecase/planner","github.com/Neratus/geoguide/internal/usecase/planner",""
"","0","TestGetCityUseCase/Success_GetCityWithImage","","Fri Oct 09 08:07:10 UTC 2026","passed","Fri Oct 09 08:07:10 UTC 2026","","github.com/Neratus/geoguide/internal/usecase/catalog","github.com/Neratus/geoguide/internal/usecase/catalog",""
"","0","TestCreateTripUseCase/Success_CreateTrip","","Fri Oct 09 08:07:10 UTC 2026","passed","Fri Oct 09 08:07:10 UTC 2026","","github.com/Neratus/geoguide/internal/usecase/planner","github.com/Neratus/geoguide/internal/usecase/planner",""
"Test cases for TestGetHolidaysByCountryUseCase","0","TestGetHolidaysByCountryUseCase","","Fri Oct 09 08:07:09 UTC 2026","passed","Fri Oct 09 08:07:09 UTC 2026","","","github.com/Neratus/geoguide/internal/usecase/catalog/TestGetHolidaysByCountryUseCase","TestGetHolidaysByCountryUseCase"
"","0","TestMockTripRepository/DeleteTrip_Success","","Fri Oct 09 08:07:10 UTC 2026","passed","Fri Oct 09 08:07:10 UTC 2026","","github.com/Neratus/geoguide/internal/repository/trip","github.com/Neratus/geoguide/internal/repository/trip",""
"","0","TestMockTripRepository/SaveExistingTrip","","Fri Oct 09 08:07:10 UTC 2026","passed","Fri Oct 09 08:07:10 UTC 2026","","github.com/Neratus/geoguide/internal/repository/trip","github.com/Neratus/geoguide/internal/repository/trip",""
"","0","TestMockPlaceRepository/DeletePlace_Success","","Fri Oct 09 08:07:10 UTC 2026","passed","Fri Oct 09 08:07:10 UTC 2026","","github.com/Neratus/geoguide/internal/repository/place","github.com/Neratus/geoguide/internal/repository/place",""
"","0","TestMockCountryRepository/FindHolidaysByCountry","","Fri Oct 09 08:07:10 UTC 2026","passed","Fri Oct 09 08:07:10 UTC 2026","","github.com/Neratus/geoguide/internal/repository/country","github.com/Neratus/geoguide/internal/repository/country",""
"Test cases for TestGetUserProfileUseCase_Classical","0","TestGetUserProfileUseCase_Classical","","Fri Oct 09 08:07:09 UTC 2026","passed","Fri Oct 09 08:07:09 UTC 2026","","","github.com/Neratus/geoguide/internal/usecase/auth/TestGetUserProfileUseCase_Classical","TestGetUserProfileUseCase_Classical"
"","0","TestMockStaticPageRepository/SaveNew","","Fri Oct 09 08:07:10 UTC 2026","passed","Fri Oct 09 08:07:10 UTC 2026","","github.com/Neratus/geoguide/internal/repository/static","github.com/Neratus/geoguide/internal/repository/static",""
"Test cases for TestAddPlaceToTripUseCase","1","TestAddPlaceToTripUseCase","","Fri Oct 09 08:07:10 UTC 2026","passed","Fri Oct 09 08:07:10 UTC 2026","","","github.com/Neratus/geoguide/internal/usecase/planner/TestAddPlaceToTripUseCase","TestAddPlaceToTripUseCase"
"","0","TestCreateReviewUseCase/Error_PlaceNotFound","","Fri Oct 09 08:07:10 UTC 2026","passed","Fri Oct 09 08:07:10 UTC 2026","","github.com/Neratus/geoguide/internal/usecase/review","github.com/Neratus/geoguide/internal/usecase/review",""
"Test cases for TestE2E_DemoScenario","32405","TestE2E_DemoScenario","","Fri Oct 09 08:06:37 UTC 2026","passed","Fri Oct 09 08:07:09 UTC 2026","","","github.com/Neratus/geoguide/internal/e2e/TestE2E_DemoScenario","TestE2E_DemoScenario"
